"Category","Posting Date","Location","Description","Payment Method","Amount",,
"Airlines / Transportation",10/13/10,"FAREFAMILIES,OK","FRONTIER 42221665626135 FAREFAMILIES OK","BUSINESSLINE? XXXX-XXXX-XXXX-7063",$384.30,,
"Airlines / Transportation",07/23/10," ","CHECK CRD PUR RTRN 07/21 SNCF INTERNET   012407  77ISLES LES M FR 425907XXXXXX4792 204040003192535                               ?MCC=4011 01","Check Card/ATM Card XXXX-XXXX-XXXX-4792",-$71.14,,
"Airlines / Transportation",07/12/10," ","CHECK CRD PURCHASE 07/08 SNCF INTERNET   012407  77ISLES LES M FR 425907XXXXXX4792 192040007837614                               ?MCC=4011                     121042882DA01","Check Card/ATM Card XXXX-XXXX-XXXX-4792",$74.43,,
"Airlines / Transportation",07/12/10," ","CHECK CRD PURCHASE 07/08 SNCF INTERNET   012407  77ISLES LES M FR 425907XXXXXX4792 192040007837833                               ?MCC=4011                     121042882DA01","Check Card/ATM Card XXXX-XXXX-XXXX-4792",$70.25,,
"Auto / Gas",12/16/10,"LAGUNA BEACH,CA","THE VILLAGE MART & GAS LAGUNA BEACH CA","BUSINESS CARD XXXX-XXXX-XXXX-5310",$58.43,,
"Auto / Gas",11/29/10,"LOS ANGELES,CA","76CR5701LOSANG10080083 LOS ANGELES CA","BUSINESS CARD XXXX-XXXX-XXXX-5310",$46.42,,
"Auto / Gas",11/05/10,"LOS ANGELES,CA","EXXONMOBIL    14290837 LOS ANGELES CA","BUSINESS CARD XXXX-XXXX-XXXX-5310",$55.57,,
"Auto / Gas",11/05/10,"NO HOLLYWOOD,CA","UNION 76      53470480 NO HOLLYWOOD CA","BUSINESS CARD XXXX-XXXX-XXXX-5310",$56.26,,
"Auto / Gas",10/29/10,"NASHVILLE,TN","ENTERPRISE RENT-A-CAR NASHVILLE TN","BUSINESS CARD XXXX-XXXX-XXXX-5310",$224.63,,
"Auto / Gas",10/14/10,"VENICE,CA","CHEVRON 0095243 VENICE CA","BUSINESSLINE? XXXX-XXXX-XXXX-7063",$59.33,,
"Auto / Gas",09/30/10,"CULVER CITY,CA","NATIONAL SMOG CHECK & TE CULVER CITY CA","Credit Card XXXX-XXXX-XXXX-8836",$51.75,,
"Auto / Gas",09/28/10,"LOS ANGELES,CA","CHEVRON 00092324 LOS ANGELES CA","Credit Card XXXX-XXXX-XXXX-8836",$55.94,,
"Auto / Gas",09/28/10,"LOS ANGELES,CA","LA CITY PARKING METER LOS ANGELES CA","Credit Card XXXX-XXXX-XXXX-8836",$4.00,,
"Auto / Gas",09/13/10,"CULVER CITY,CA","SHELL OIL 57443254909 CULVER CITY CA","Credit Card XXXX-XXXX-XXXX-8836",$54.64,,
"Auto / Gas",08/26/10,"CULVER CITY,CA","SHELL OIL 57443254909 CULVER CITY CA","Credit Card XXXX-XXXX-XXXX-8836",$63.01,,
"Auto / Gas",08/23/10," ","POS PURCHASE -  08/21 MACH ID 000000    ARCO PAYPOINT            LOS ANGELES  CA 4792 00380233653205010                          ?MCC=5542","Check Card/ATM Card XXXX-XXXX-XXXX-4792",$55.57,,
"Auto / Gas",07/07/10,"CULVER CITY,CA","SHELL OIL 57443254909 CULVER CITY CA","Credit Card XXXX-XXXX-XXXX-8836",$60.00,,
"Auto / Gas",06/18/10,"CULVER CITY,CA","SHELL OIL 57443254909 CULVER CITY CA","Credit Card XXXX-XXXX-XXXX-8836",$53.40,,
"Auto / Gas",05/24/10,"LOS ANGELES,CA","UNION 76      10096956 LOS ANGELES CA","Credit Card XXXX-XXXX-XXXX-8836",$57.56,,
"Auto / Gas",05/03/10,"CULVER CITY,CA","SHELL OIL 57443254909 CULVER CITY CA","Credit Card XXXX-XXXX-XXXX-8836",$58.98,,
"Auto / Gas",02/16/10,"CULVER CITY,CA","UNION 76      63576540 CULVER CITY CA","Credit Card XXXX-XXXX-XXXX-8836",$55.02,,
"Cash Withdrawals from ATM & Branch",12/20/10," ","ATM WITHDRAWAL -  12/19 MACH ID 9902B     10011 WASHINGTON BLVD   CULVER CITY   CA 4792 0002211","Check Card/ATM Card XXXX-XXXX-XXXX-4792",$100.00,,
"Cash Withdrawals from ATM & Branch",12/10/10," ","ATM WITHDRAWAL -  12/10 MACH ID 9902B     10011 WASHINGTON BLVD   CULVER CITY   CA 4792 0008967","Check Card/ATM Card XXXX-XXXX-XXXX-4792",$100.00,,
"Cash Withdrawals from ATM & Branch",12/01/10," ","ATM WITHDRAWAL -  12/01 MACH ID 9930Q     10011 WASHINGTON BLVD   CULVER CITY   CA 4792 0007838","Check Card/ATM Card XXXX-XXXX-XXXX-4792",$100.00,,
"Cash Withdrawals from ATM & Branch",11/12/10," ","ATM WITHDRAWAL -  11/12 MACH ID 9870A     10011 WASHINGTON BLVD   CULVER CITY   CA 4792 0002051","Check Card/ATM Card XXXX-XXXX-XXXX-4792",$60.00,,
"Cash Withdrawals from ATM & Branch",11/05/10," ","ATM WITHDRAWAL -  11/05 MACH ID 9933K     VENICE CROSSROADS OFFS  LOS ANGELES   CA 4792 0006847","Check Card/ATM Card XXXX-XXXX-XXXX-4792",$40.00,,
"Cash Withdrawals from ATM & Branch",11/01/10," ","ATM WITHDRAWAL -  10/30 MACH ID 9933K     VENICE CROSSROADS OFFS  LOS ANGELES   CA 4792 0004227","Check Card/ATM Card XXXX-XXXX-XXXX-4792",$100.00,,
"Cash Withdrawals from ATM & Branch",10/21/10," ","ATM WITHDRAWAL -  10/21 MACH ID 9933K     VENICE CROSSROADS OFFS  LOS ANGELES   CA 4792 0000202","Check Card/ATM Card XXXX-XXXX-XXXX-4792",$100.00,,
"Cash Withdrawals from ATM & Branch",10/08/10," ","ATM WITHDRAWAL -  10/08 MACH ID 9902B     10011 WASHINGTON BLVD   CULVER CITY   CA 4792 0007570","Check Card/ATM Card XXXX-XXXX-XXXX-4792",$20.00,,
"Cash Withdrawals from ATM & Branch",09/28/10," ","ATM WITHDRAWAL -  09/28 MACH ID 9902B     10011 WASHINGTON BLVD   CULVER CITY   CA 4792 0003502","Check Card/ATM Card XXXX-XXXX-XXXX-4792",$100.00,,
"Cash Withdrawals from ATM & Branch",09/20/10," ","ATM WITHDRAWAL -  09/18 MACH ID 2118S     CALIFORNIA CENTER       LOS ANGELES   CA 4792 0008861","Check Card/ATM Card XXXX-XXXX-XXXX-4792",$80.00,,
"Cash Withdrawals from ATM & Branch",09/13/10," ","ATM WITHDRAWAL -  09/11 MACH ID 9933K     VENICE CROSSROADS OFFS  LOS ANGELES   CA 4792 0002826","Check Card/ATM Card XXXX-XXXX-XXXX-4792",$60.00,,
"Cash Withdrawals from ATM & Branch",09/13/10," ","ATM WITHDRAWAL -  09/11 MACH ID 9933K     VENICE CROSSROADS OFFS  LOS ANGELES   CA 4792 0002827","Check Card/ATM Card XXXX-XXXX-XXXX-4792",$80.00,,
"Cash Withdrawals from ATM & Branch",09/01/10," ","ATM WITHDRAWAL -  09/01 MACH ID 9930Q     10011 WASHINGTON BLVD   CULVER CITY   CA 4792 0002777","Check Card/ATM Card XXXX-XXXX-XXXX-4792",$40.00,,
"Cash Withdrawals from ATM & Branch",08/27/10," ","ATM WITHDRAWAL -  08/27 MACH ID 9933K     VENICE CROSSROADS OFFS  LOS ANGELES   CA 4792 0005995","Check Card/ATM Card XXXX-XXXX-XXXX-4792",$60.00,,
"Cash Withdrawals from ATM & Branch",08/20/10," ","ATM WITHDRAWAL -  08/20 MACH ID 9902B     10011 WASHINGTON BLVD   CULVER CITY   CA 4792 0000523","Check Card/ATM Card XXXX-XXXX-XXXX-4792",$60.00,,
"Cash Withdrawals from ATM & Branch",08/16/10," ","ATM WITHDRAWAL -  08/13 MACH ID S1CD2273  INDIRA NAGAR   INDIRA NAGBANGALORE    II 4792","Check Card/ATM Card XXXX-XXXX-XXXX-4792",$214.53,,
"Cash Withdrawals from ATM & Branch",08/13/10," ","ATM WITHDRAWAL -  08/12 MACH ID S1CW5028  DOMLUR,AIRPORT DOMLUR,AIRBANGALORE    II 4792","Check Card/ATM Card XXXX-XXXX-XXXX-4792",$214.89,,
"Cash Withdrawals from ATM & Branch",08/10/10," ","ATM WITHDRAWAL -  08/09 MACH ID S1ACCO09  SECOND CD AT THSECOND CD THOPPUMPADY  II 4792","Check Card/ATM Card XXXX-XXXX-XXXX-4792",$222.44,,
"Cash Withdrawals from ATM & Branch",08/09/10," ","ATM WITHDRAWAL -  08/06 MACH ID 1FDMYS01  MYSORE         MYSORE    MYSORE       II 4792","Check Card/ATM Card XXXX-XXXX-XXXX-4792",$87.25,,
"Cash Withdrawals from ATM & Branch",08/09/10," ","ATM WITHDRAWAL -  08/07 MACH ID 00550185  BANERJEE CLUB  BANERJEE CTHRISSUR     II 4792","Check Card/ATM Card XXXX-XXXX-XXXX-4792",$109.06,,
"Cash Withdrawals from ATM & Branch",08/02/10," ","ATM WITHDRAWAL -  07/31 MACH ID 10191A00  G10191A00      G10191A00 PARIS        FR 4792","Check Card/ATM Card XXXX-XXXX-XXXX-4792",$261.34,,
"Cash Withdrawals from ATM & Branch",08/02/10," ","ATM WITHDRAWAL -  08/01 MACH ID 00007466  RICHMONDE ROAD RICHMONDE BANGLORE     II 4792","Check Card/ATM Card XXXX-XXXX-XXXX-4792",$86.14,,
"Cash Withdrawals from ATM & Branch",07/22/10," ","ATM WITHDRAWAL -  07/22 MACH ID 9933K     VENICE CROSSROADS OFFS  LOS ANGELES   CA 4792","Check Card/ATM Card XXXX-XXXX-XXXX-4792",$80.00,,
"Cash Withdrawals from ATM & Branch",07/15/10," ","ATM WITHDRAWAL -  07/15 MACH ID 9870A     10011 WASHINGTON BLVD   CULVER CITY   CA 4792","Check Card/ATM Card XXXX-XXXX-XXXX-4792",$40.00,,
"Cash Withdrawals from ATM & Branch",07/12/10," ","ATM WITHDRAWAL -  07/12 MACH ID 9902B     10011 WASHINGTON BLVD   CULVER CITY   CA 4792","Check Card/ATM Card XXXX-XXXX-XXXX-4792",$40.00,,
"Cash Withdrawals from ATM & Branch",06/29/10," ","ATM WITHDRAWAL -  06/29 MACH ID 9933K     VENICE CROSSROADS OFFS  LOS ANGELES   CA 4792 0000311","Check Card/ATM Card XXXX-XXXX-XXXX-4792",$40.00,,
"Cash Withdrawals from ATM & Branch",02/08/10," ","ATM WITHDRAWAL -  02/08 MACH ID 9902B     10011 WASHINGTON BLVD   CULVER CITY   CA 6900","Check Card/ATM Card XXXX-XXXX-XXXX-6900",$40.00,,
"Cash Withdrawals from ATM & Branch",02/04/10," ","ATM WITHDRAWAL -  02/04 MACH ID CA037325  11143 VENICE BLCT 7-11   LOS ANGELES, CA 6900","Check Card/ATM Card XXXX-XXXX-XXXX-6900",$42.75,,
"Cash Withdrawals from ATM & Branch",01/19/10," ","ATM WITHDRAWAL -  01/17 MACH ID 9933K     VENICE CROSSROADS OFFS  LOS ANGELES   CA 6900","Check Card/ATM Card XXXX-XXXX-XXXX-6900",$20.00,,
"Cash Withdrawals from ATM & Branch",01/04/10," ","ATM WITHDRAWAL -  01/02 MACH ID 9933K     VENICE CROSSROADS OFFS  LOS ANGELES   CA 6900","Check Card/ATM Card XXXX-XXXX-XXXX-6900",$40.00,,
"Checks Written",12/17/10," ","CHECK # 1544","SQLFusion LLC checking XXXXXX6152",$420.00,,
"Checks Written",12/14/10," ","CHECK # 1543","SQLFusion LLC checking XXXXXX6152",$495.00,,
"Checks Written",12/14/10," ","CHECK # 1545","SQLFusion LLC checking XXXXXX6152",$64.00,,
"Checks Written",12/14/10," ","CHECK # 1546","SQLFusion LLC checking XXXXXX6152",$75.00,,
"Checks Written",12/09/10," ","CHECK # 1542","SQLFusion LLC checking XXXXXX6152",$555.63,,
"Checks Written",12/07/10," ","CHECK # 1541","SQLFusion LLC checking XXXXXX6152",$355.00,,
"Checks Written",11/24/10," ","CHECK # 1540","SQLFusion LLC checking XXXXXX6152",$90.33,,
"Checks Written",11/22/10," ","CHECK # 1538","SQLFusion LLC checking XXXXXX6152",$228.13,,
"Checks Written",11/09/10," ","CHECK # 1536","SQLFusion LLC checking XXXXXX6152",$437.50,,
"Checks Written",10/19/10," ","CHECK # 1535","SQLFusion LLC checking XXXXXX6152",$437.50,,
"Checks Written",10/04/10," ","CHECK # 1533","SQLFusion LLC checking XXXXXX6152",$85.00,,
"Checks Written",10/04/10," ","CHECK # 1534","SQLFusion LLC checking XXXXXX6152",$80.00,,
"Checks Written",09/27/10," ","CHECK # 1528","SQLFusion LLC checking XXXXXX6152",$329.94,,
"Checks Written",09/27/10," ","CHECK # 1529","SQLFusion LLC checking XXXXXX6152",$329.94,,
"Checks Written",09/27/10," ","CHECK # 1530","SQLFusion LLC checking XXXXXX6152",$279.18,,
"Checks Written",09/24/10," ","CHECK # 1524","SQLFusion LLC checking XXXXXX6152",$378.00,,
"Checks Written",09/24/10," ","CHECK # 1525","SQLFusion LLC checking XXXXXX6152",$187.00,,
"Checks Written",09/24/10," ","CHECK # 1526","SQLFusion LLC checking XXXXXX6152",$362.00,,
"Checks Written",09/24/10," ","CHECK # 1527","SQLFusion LLC checking XXXXXX6152",$190.00,,
"Checks Written",09/07/10," ","CHECK # 1523","SQLFusion LLC checking XXXXXX6152",$100.00,,
"Checks Written",07/01/10," ","CHECK # 1522","SQLFusion LLC checking XXXXXX6152","$1,000.00",,
"Checks Written",06/14/10," ","CHECK # 1521","SQLFusion LLC checking XXXXXX6152","$4,799.90",,
"Checks Written",06/07/10," ","CHECK # 1500","SQLFusion LLC checking XXXXXX6152",$202.00,,
"Checks Written",05/13/10," ","CHECK # 1499","SQLFusion LLC checking XXXXXX6152",$202.50,,
"Checks Written",05/05/10," ","CHECK # 1497","SQLFusion LLC checking XXXXXX6152",$172.00,,
"Checks Written",05/04/10," ","CHECK # 1498","SQLFusion LLC checking XXXXXX6152",$445.00,,
"Checks Written",04/13/10," ","CHECK # 1496","SQLFusion LLC checking XXXXXX6152",$445.00,,
"Checks Written",03/08/10," ","CHECK # 1520","SQLFusion LLC checking XXXXXX6152",$350.00,,
"Checks Written",02/22/10," ","CHECK # 1519","SQLFusion LLC checking XXXXXX6152",$152.00,,
"Checks Written",02/18/10," ","CHECK # 1518","SQLFusion LLC checking XXXXXX6152",$55.00,,
"Checks Written",02/16/10," ","CHECK # 1517","SQLFusion LLC checking XXXXXX6152",$50.00,,
"Checks Written",02/08/10," ","CHECK # 1515","SQLFusion LLC checking XXXXXX6152",$350.00,,
"Checks Written",01/12/10," ","CHECK # 1514","SQLFusion LLC checking XXXXXX6152","$1,247.47",,
"Checks Written",01/07/10," ","CHECK # 1513","SQLFusion LLC checking XXXXXX6152",$350.00,,
"Contractors / Business Services",12/09/10,"8667292925,CA","PAYCYCLE 8667292925 CA","BUSINESSLINE? XXXX-XXXX-XXXX-7063",$54.99,,
"Contractors / Business Services",12/06/10,"877-856-9598,FL","DIRECTNIC LTD 877-856-9598 FL","BUSINESS CARD XXXX-XXXX-XXXX-5310",$90.00,,
"Contractors / Business Services",12/04/10,"866-749-7545,WA","Amazon Payments 866-749-7545 WA","BUSINESS CARD XXXX-XXXX-XXXX-5310","$1,501.99",,
"Contractors / Business Services",12/04/10,"CC@GOOGLE.COM,CA","GOOGLE*ADWS7057897360 CC@GOOGLE.COM CA","BUSINESS CARD XXXX-XXXX-XXXX-5310",$23.47,,
"Contractors / Business Services",11/26/10,"877-856-9598,FL","DIRECTNIC LTD 877-856-9598 FL","BUSINESS CARD XXXX-XXXX-XXXX-5310",$60.00,,
"Contractors / Business Services",11/12/10,"PARIS,FR","GANDI PARIS FR","BUSINESS CARD XXXX-XXXX-XXXX-5310",$19.69,,
"Contractors / Business Services",11/11/10,"8667292925,CA","PAYCYCLE 8667292925 CA","BUSINESSLINE? XXXX-XXXX-XXXX-7063",$54.99,,
"Contractors / Business Services",11/10/10,"877-856-9598,FL","DIRECTNIC LTD 877-856-9598 FL","BUSINESS CARD XXXX-XXXX-XXXX-5310",$15.00,,
"Contractors / Business Services",11/03/10,"866-749-7545,WA","Amazon Payments 866-749-7545 WA","BUSINESS CARD XXXX-XXXX-XXXX-5310","$1,433.55",,
"Contractors / Business Services",10/21/10,"866-749-7545,WA","Amazon Payments 866-749-7545 WA","BUSINESS CARD XXXX-XXXX-XXXX-5310","$1,176.86",,
"Contractors / Business Services",10/13/10,"8667292925,CA","PAYCYCLE 8667292925 CA","BUSINESSLINE? XXXX-XXXX-XXXX-7063",$54.99,,
"Contractors / Business Services",09/09/10,"866-7292925,CA","PAYCYCLE 866-7292925 CA","Credit Card XXXX-XXXX-XXXX-8836",$54.99,,
"Contractors / Business Services",09/08/10,"CC@GOOGLE.COM,CA","GOOGLE*ADWS7057897360 CC@GOOGLE.COM CA","Credit Card XXXX-XXXX-XXXX-8836",$30.99,,
"Contractors / Business Services",09/03/10,"866-749-7545,WA","Amazon Payments 866-749-7545 WA","Credit Card XXXX-XXXX-XXXX-8836","$1,086.12",,
"Contractors / Business Services",09/02/10,"DENVER,CO","TRAFFICSWARM.COM LLQPS DENVER CO","BUSINESSLINE? XXXX-XXXX-XXXX-7063",$35.00,,
"Contractors / Business Services",08/26/10,"877-856-9598,FL","DIRECTNIC LTD 877-856-9598 FL","Credit Card XXXX-XXXX-XXXX-8836",$105.00,,
"Contractors / Business Services",08/13/10,"NOIDA,II","INFO EDGE INDIA NOIDA II","BUSINESSLINE? XXXX-XXXX-XXXX-7063",$59.03,,
"Contractors / Business Services",08/09/10,"CC@GOOGLE.COM,CA","GOOGLE*ADWS7057897360 CC@GOOGLE.COM CA","Credit Card XXXX-XXXX-XXXX-8836",$27.67,,
"Contractors / Business Services",08/09/10,"866-7292925,CA","PAYCYCLE 866-7292925 CA","Credit Card XXXX-XXXX-XXXX-8836",$54.99,,
"Contractors / Business Services",08/04/10,"866-749-7545,WA","Amazon Payments 866-749-7545 WA","Credit Card XXXX-XXXX-XXXX-8836",$913.10,,
"Contractors / Business Services",07/10/10,"CC@GOOGLE.COM,CA","GOOGLE*ADWS7057897360 CC@GOOGLE.COM CA","Credit Card XXXX-XXXX-XXXX-8836",$85.05,,
"Contractors / Business Services",07/09/10,"866-7292925,CA","PAYCYCLE 866-7292925 CA","Credit Card XXXX-XXXX-XXXX-8836",$54.99,,
"Contractors / Business Services",07/07/10,"310-828-7878,CA","AMBASSADOR PASSPORT & VIS 310-828-7878 CA","Credit Card XXXX-XXXX-XXXX-8836",$437.00,,
"Contractors / Business Services",07/06/10,"WWW.MOO.COM,RI","MOO INC PRINTING WWW.MOO.COM RI","Credit Card XXXX-XXXX-XXXX-8836",$93.99,,
"Contractors / Business Services",07/03/10,"866-749-7545,WA","Amazon Payments 866-749-7545 WA","Credit Card XXXX-XXXX-XXXX-8836",$748.37,,
"Contractors / Business Services",06/29/10,"877-856-9598,FL","DIRECTNIC LTD 877-856-9598 FL","Credit Card XXXX-XXXX-XXXX-8836",$90.00,,
"Contractors / Business Services",06/23/10,"WWW.MOO.COM,RI","MOO INC PRINTING WWW.MOO.COM RI","Credit Card XXXX-XXXX-XXXX-8836",$34.49,,
"Contractors / Business Services",06/09/10,"WWW.MOO.COM,RI","MOO INC PRINTING WWW.MOO.COM RI","Credit Card XXXX-XXXX-XXXX-8836",$34.49,,
"Contractors / Business Services",06/09/10,"866-7292925,CA","PAYCYCLE 866-7292925 CA","Credit Card XXXX-XXXX-XXXX-8836",$54.99,,
"Contractors / Business Services",06/04/10,"866-749-7545,WA","Amazon Payments 866-749-7545 WA","Credit Card XXXX-XXXX-XXXX-8836",$726.35,,
"Contractors / Business Services",06/03/10,"877-856-9598,FL","DIRECTNIC LTD 877-856-9598 FL","Credit Card XXXX-XXXX-XXXX-8836",$45.00,,
"Contractors / Business Services",05/29/10,"CC@GOOGLE.COM,CA","GOOGLE*ADWS7057897360 CC@GOOGLE.COM CA","Credit Card XXXX-XXXX-XXXX-8836",$22.23,,
"Contractors / Business Services",05/10/10,"866-7292925,CA","PAYCYCLE 866-7292925 CA","Credit Card XXXX-XXXX-XXXX-8836",$54.99,,
"Contractors / Business Services",05/09/10,"866-749-7545,WA","AMZN PMTS 866-749-7545 WA","Credit Card XXXX-XXXX-XXXX-8836",$792.23,,
"Contractors / Business Services",05/03/10,"877-856-9598,FL","DIRECTNIC LTD 877-856-9598 FL","Credit Card XXXX-XXXX-XXXX-8836",$30.00,,
"Contractors / Business Services",04/29/10,"CC@GOOGLE.COM,CA","GOOGLE*ADWS7057897360 CC@GOOGLE.COM CA","Credit Card XXXX-XXXX-XXXX-8836",$0.92,,
"Contractors / Business Services",04/15/10,"877-856-9598,FL","DIRECTNIC LTD 877-856-9598 FL","Credit Card XXXX-XXXX-XXXX-8836",$15.00,,
"Contractors / Business Services",04/12/10,"877-856-9598,FL","DIRECTNIC LTD 877-856-9598 FL","Credit Card XXXX-XXXX-XXXX-8836",$75.00,,
"Contractors / Business Services",04/03/10,"866-749-7545,WA","AMZN PMTS 866-749-7545 WA","Credit Card XXXX-XXXX-XXXX-8836","$1,178.67",,
"Contractors / Business Services",03/31/10,"CC@GOOGLE.COM,CA","GOOGLE*ADWS7057897360 CC@GOOGLE.COM CA","Credit Card XXXX-XXXX-XXXX-8836",$7.87,,
"Contractors / Business Services",03/12/10,"877-856-9598,FL","DIRECTNIC LTD 877-856-9598 FL","Credit Card XXXX-XXXX-XXXX-8836",$60.00,,
"Contractors / Business Services",03/09/10,"310-491-0699,CA","YOGAGLO LLC 310-491-0699 CA","Credit Card XXXX-XXXX-XXXX-8836",$0.10,,
"Contractors / Business Services",03/09/10,"310-491-0699,CA","YOGAGLO LLC 310-491-0699 CA","Credit Card XXXX-XXXX-XXXX-8836",$0.10,,
"Contractors / Business Services",03/07/10,"866-749-7545,WA","AMZN PMTS 866-749-7545 WA","Credit Card XXXX-XXXX-XXXX-8836",$697.62,,
"Contractors / Business Services",03/04/10," ","CHECK CRD PURCHASE 03/03 YOGAGLO LLC             310-491-0699  CA 491987XXXXXX6900 063040010944726                               ?MCC=8999                     121042882DA01","Check Card/ATM Card XXXX-XXXX-XXXX-6900",$18.00,,
"Contractors / Business Services",02/17/10,"310-491-0699,CA","YOGAGLO LLC 310-491-0699 CA","Credit Card XXXX-XXXX-XXXX-8836",$18.00,,
"Contractors / Business Services",02/11/10,"877-856-9598,FL","DIRECTNIC LTD 877-856-9598 FL","Credit Card XXXX-XXXX-XXXX-8836",$60.00,,
"Contractors / Business Services",02/10/10,"CULVER CITY,CA","THE UPS STORE #1327 CULVER CITY CA","Credit Card XXXX-XXXX-XXXX-8836",$10.24,,
"Contractors / Business Services",02/09/10,"866-7292925,CA","PAYCYCLE 866-7292925 CA","Credit Card XXXX-XXXX-XXXX-8836",$54.99,,
"Contractors / Business Services",02/06/10,"866-749-7545,WA","AMZN PMTS 866-749-7545 WA","Credit Card XXXX-XXXX-XXXX-8836",$643.63,,
"Contractors / Business Services",02/05/10,"877-856-9598,FL","DIRECTNIC LTD 877-856-9598 FL","Credit Card XXXX-XXXX-XXXX-8836",$60.00,,
"Contractors / Business Services",02/04/10," ","CHECK CRD PURCHASE 02/03 YOGAGLO LLC             310-491-0699  CA 491987XXXXXX6900 035040010156096                               ?MCC=8999                     121042882DA01","Check Card/ATM Card XXXX-XXXX-XXXX-6900",$18.00,,
"Contractors / Business Services",02/04/10,"310-491-0699,CA","YOGAGLO LLC 310-491-0699 CA","Credit Card XXXX-XXXX-XXXX-8836",$18.00,,
"Contractors / Business Services",01/27/10,"877-856-9598,FL","DIRECTNIC LTD 877-856-9598 FL","Credit Card XXXX-XXXX-XXXX-8836",$15.00,,
"Contractors / Business Services",01/18/10,"310-491-0699,CA","YOGAGLO LLC 310-491-0699 CA","Credit Card XXXX-XXXX-XXXX-8836",$18.00,,
"Contractors / Business Services",01/11/10,"866-7292925,CA","PAYCYCLE 866-7292925 CA","Credit Card XXXX-XXXX-XXXX-8836",$54.99,,
"Contractors / Business Services",01/04/10,"310-491-0699,CA","YOGAGLO LLC 310-491-0699 CA","Credit Card XXXX-XXXX-XXXX-8836",$18.00,,
"Contractors / Business Services",01/02/10,"866-749-7545,WA","AMZN PMTS 866-749-7545 WA","Credit Card XXXX-XXXX-XXXX-8836",$521.70,,
"Payments Made Electronically",12/31/10," ","Payroll          PAYROLL    Dec 31 410525          SQLFusion LLC","SQLFusion LLC checking XXXXXX6152",$652.71,,
"Payments Made Electronically",12/27/10," ","ACS SLS          EXPERTPAY               XXXXX3208 SQLFUSION LLC","SQLFusion LLC checking XXXXXX6152",$147.25,,
"Payments Made Electronically",12/23/10," ","Payroll          PAYROLL    Dec 23 410525          SQLFusion LLC","SQLFusion LLC checking XXXXXX6152",$652.72,,
"Payments Made Electronically",12/22/10," ","// WIRE   FOR 203120.00 INR AT 44.07","SQLFusion LLC checking XXXXXX6152","$4,609.03",,
"Payments Made Electronically",12/22/10," ","FXOL FGN CUR WR @ 15.0 USD - EXCHANGE RATE: 1.0000","SQLFusion LLC checking XXXXXX6152",$15.00,,
"Payments Made Electronically",12/20/10," ","ACS SLS          EXPERTPAY               XXXXX3208 SQLFUSION LLC","SQLFusion LLC checking XXXXXX6152",$147.25,,
"Payments Made Electronically",12/16/10," ","IRS              USATAXPYMT 121610 227075066002824 SQLFUSION LLC","SQLFusion LLC checking XXXXXX6152",$989.74,,
"Payments Made Electronically",12/16/10," ","Payroll          PAYROLL    Dec 16 410525          SQLFusion LLC","SQLFusion LLC checking XXXXXX6152",$157.41,,
"Payments Made Electronically",12/16/10," ","Payroll          PAYROLL    Dec 16 410525          SQLFusion LLC","SQLFusion LLC checking XXXXXX6152",$652.71,,
"Payments Made Electronically",12/15/10," ","Payroll          Tax        Dec 15 410525          SQLFusion LLC","SQLFusion LLC checking XXXXXX6152",$17.33,,
"Payments Made Electronically",12/13/10," ","ACS SLS          EXPERTPAY               XXXXX3208 SQLFUSION LLC","SQLFusion LLC checking XXXXXX6152",$147.25,,
"Payments Made Electronically",12/10/10," ","BANKCARD DISCOUNT FEE      -     0226313173","SQLFusion LLC checking XXXXXX6152",$84.44,,
"Payments Made Electronically",12/10/10," ","BANKCARD DISCOUNT FEE      -     0226313173","SQLFusion LLC checking XXXXXX6152",$2.48,,
"Payments Made Electronically",12/10/10," ","BANKCARD DISCOUNT FEE      -     0226313173","SQLFusion LLC checking XXXXXX6152",$5.50,,
"Payments Made Electronically",12/10/10," ","BANKCARD FEE               -     0226313173","SQLFusion LLC checking XXXXXX6152",$13.68,,
"Payments Made Electronically",12/10/10," ","BANKCARD FEE ADJUSTMENT    -     0226313173","SQLFusion LLC checking XXXXXX6152",$25.00,,
"Payments Made Electronically",12/10/10," ","BANKCARD INTERCHANGE FEE   -     0226313173","SQLFusion LLC checking XXXXXX6152",$99.32,,
"Payments Made Electronically",12/09/10," ","Payroll          PAYROLL    Dec 09 410525          SQLFusion LLC","SQLFusion LLC checking XXXXXX6152",$652.71,,
"Payments Made Electronically",12/09/10," ","Payroll          PAYROLL    Dec 09 410525          SQLFusion LLC","SQLFusion LLC checking XXXXXX6152",$298.90,,
"Payments Made Electronically",12/06/10," ","ACS SLS          EXPERTPAY               XXXXX3208 SQLFUSION LLC","SQLFusion LLC checking XXXXXX6152",$147.25,,
"Payments Made Electronically",12/02/10," ","Payroll          PAYROLL    Dec 02 410525          SQLFusion LLC","SQLFusion LLC checking XXXXXX6152",$652.71,,
"Payments Made Electronically",11/29/10," ","ACS SLS          EXPERTPAY               XXXXX3208 SQLFUSION LLC","SQLFusion LLC checking XXXXXX6152",$147.25,,
"Payments Made Electronically",11/24/10," ","Payroll          PAYROLL    Nov 24 410525          SQLFusion LLC","SQLFusion LLC checking XXXXXX6152",$445.22,,
"Payments Made Electronically",11/24/10," ","Payroll          PAYROLL    Nov 24 410525          SQLFusion LLC","SQLFusion LLC checking XXXXXX6152",$652.72,,
"Payments Made Electronically",11/22/10," ","ACS SLS          EXPERTPAY               XXXXX3208 SQLFUSION LLC","SQLFusion LLC checking XXXXXX6152",$147.25,,
"Payments Made Electronically",11/18/10," ","Payroll          PAYROLL    Nov 18 410525          SQLFusion LLC","SQLFusion LLC checking XXXXXX6152",$177.95,,
"Payments Made Electronically",11/18/10," ","Payroll          PAYROLL    Nov 18 410525          SQLFusion LLC","SQLFusion LLC checking XXXXXX6152",$652.71,,
"Payments Made Electronically",11/15/10," ","ACS SLS          EXPERTPAY               XXXXX3208 SQLFUSION LLC","SQLFusion LLC checking XXXXXX6152",$147.25,,
"Payments Made Electronically",11/15/10," ","FXOL FGN CUR WR @ 15.0 USD - EXCHANGE RATE: 1.0000","SQLFusion LLC checking XXXXXX6152",$15.00,,
"Payments Made Electronically",11/15/10," ","IRS              USATAXPYMT 111510 227071966009506 SQLFUSION LLC","SQLFusion LLC checking XXXXXX6152","$1,091.24",,
"Payments Made Electronically",11/12/10," ","Payroll          Tax        Nov 11 410525          SQLFusion LLC","SQLFusion LLC checking XXXXXX6152",$3.06,,
"Payments Made Electronically",11/10/10," ","// WIRE   FOR 203120.00 INR AT 43.284","SQLFusion LLC checking XXXXXX6152","$4,692.73",,
"Payments Made Electronically",11/10/10," ","BANKCARD DISCOUNT FEE      -     0226313173","SQLFusion LLC checking XXXXXX6152",$123.58,,
"Payments Made Electronically",11/10/10," ","BANKCARD DISCOUNT FEE      -     0226313173","SQLFusion LLC checking XXXXXX6152",$2.48,,
"Payments Made Electronically",11/10/10," ","BANKCARD FEE               -     0226313173","SQLFusion LLC checking XXXXXX6152",$10.87,,
"Payments Made Electronically",11/10/10," ","BANKCARD FEE ADJUSTMENT    -     0226313173","SQLFusion LLC checking XXXXXX6152",$25.00,,
"Payments Made Electronically",11/10/10," ","BANKCARD INTERCHANGE FEE   -     0226313173","SQLFusion LLC checking XXXXXX6152",$49.95,,
"Payments Made Electronically",11/10/10," ","Payroll          PAYROLL    Nov 10 410525          SQLFusion LLC","SQLFusion LLC checking XXXXXX6152",$652.71,,
"Payments Made Electronically",11/08/10," ","ACS SLS          EXPERTPAY               XXXXX3208 SQLFUSION LLC","SQLFusion LLC checking XXXXXX6152",$147.25,,
"Payments Made Electronically",11/04/10," ","Payroll          PAYROLL    Nov 04 410525          SQLFusion LLC","SQLFusion LLC checking XXXXXX6152",$652.71,,
"Payments Made Electronically",11/01/10," ","ACS SLS          EXPERTPAY               XXXXX3208 SQLFUSION LLC","SQLFusion LLC checking XXXXXX6152",$147.25,,
"Payments Made Electronically",11/01/10," ","ONLINE TRANSFER TO LEWICKI C               REF #IBEQKVL8VC CUSTOM MANAGEMENT(RM)      COACHING TRANSFER","SQLFusion LLC checking XXXXXX6152",$937.18,,
"Payments Made Electronically",10/29/10," ","Payroll          Tax        Oct 29 410525          SQLFusion LLC","SQLFusion LLC checking XXXXXX6152",$40.13,,
"Payments Made Electronically",10/28/10," ","Payroll          PAYROLL    Oct 28 410525          SQLFusion LLC","SQLFusion LLC checking XXXXXX6152",$652.72,,
"Payments Made Electronically",10/25/10," ","ACS SLS          EXPERTPAY               XXXXX3208 SQLFUSION LLC","SQLFusion LLC checking XXXXXX6152",$147.25,,
"Payments Made Electronically",10/21/10," ","Payroll          PAYROLL    Oct 21 410525          SQLFusion LLC","SQLFusion LLC checking XXXXXX6152",$652.71,,
"Payments Made Electronically",10/18/10," ","ACS SLS          EXPERTPAY               XXXXX3208 SQLFUSION LLC","SQLFusion LLC checking XXXXXX6152",$147.25,,
"Payments Made Electronically",10/15/10," ","IRS              USATAXPYMT 101510 227068866021908 SQLFUSION LLC","SQLFusion LLC checking XXXXXX6152",$885.86,,
"Payments Made Electronically",10/14/10," ","Payroll          PAYROLL    Oct 14 410525          SQLFusion LLC","SQLFusion LLC checking XXXXXX6152",$109.50,,
"Payments Made Electronically",10/14/10," ","Payroll          PAYROLL    Oct 14 410525          SQLFusion LLC","SQLFusion LLC checking XXXXXX6152",$652.71,,
"Payments Made Electronically",10/14/10," ","Payroll          Tax        Oct 14 410525          SQLFusion LLC","SQLFusion LLC checking XXXXXX6152",$3.21,,
"Payments Made Electronically",10/13/10," ","BANKCARD DISCOUNT FEE      -     0226313173","SQLFusion LLC checking XXXXXX6152",$58.38,,
"Payments Made Electronically",10/13/10," ","BANKCARD FEE               -     0226313173","SQLFusion LLC checking XXXXXX6152",$7.50,,
"Payments Made Electronically",10/13/10," ","BANKCARD FEE               -     0226313173","SQLFusion LLC checking XXXXXX6152",$2.10,,
"Payments Made Electronically",10/13/10," ","BANKCARD INTERCHANGE FEE   -     0226313173","SQLFusion LLC checking XXXXXX6152",$2.57,,
"Payments Made Electronically",10/13/10," ","BANKCARD INTERCHANGE FEE   -     0226313173","SQLFusion LLC checking XXXXXX6152",$62.46,,
"Payments Made Electronically",10/12/10," ","ACS SLS          EXPERTPAY               XXXXX3208 SQLFUSION LLC","SQLFusion LLC checking XXXXXX6152",$147.25,,
"Payments Made Electronically",10/07/10," ","Payroll          PAYROLL    Oct 07 410525          SQLFusion LLC","SQLFusion LLC checking XXXXXX6152",$143.71,,
"Payments Made Electronically",10/07/10," ","Payroll          PAYROLL    Oct 07 410525          SQLFusion LLC","SQLFusion LLC checking XXXXXX6152",$652.71,,
"Payments Made Electronically",10/05/10," ","// INR 43.33 231402.00 944044  -000","SQLFusion LLC checking XXXXXX6152","$5,340.46",,
"Payments Made Electronically",10/04/10," ","ACS SLS          EXPERTPAY               XXXXX3208 SQLFUSION LLC","SQLFusion LLC checking XXXXXX6152",$147.25,,
"Payments Made Electronically",09/30/10," ","Payroll          PAYROLL    Sep 30 410525          SQLFusion LLC","SQLFusion LLC checking XXXXXX6152",$652.71,,
"Payments Made Electronically",09/27/10," ","ACS SLS          EXPERTPAY               XXXXX3208 SQLFUSION LLC","SQLFusion LLC checking XXXXXX6152",$147.25,,
"Payments Made Electronically",09/24/10," ","Payroll          PAYROLL    Sep 24 410525          SQLFusion LLC","SQLFusion LLC checking XXXXXX6152",$652.72,,
"Payments Made Electronically",09/20/10," ","ACS SLS          EXPERTPAY               XXXXX3208 SQLFUSION LLC","SQLFusion LLC checking XXXXXX6152",$147.25,,
"Payments Made Electronically",09/17/10," ","Payroll          PAYROLL    Sep 17 410525          SQLFusion LLC","SQLFusion LLC checking XXXXXX6152",$652.71,,
"Payments Made Electronically",09/17/10," ","Payroll          PAYROLL    Sep 17 410525          SQLFusion LLC","SQLFusion LLC checking XXXXXX6152",$13.70,,
"Payments Made Electronically",09/15/10," ","IRS              USATAXPYMT 091510 227065866016476 SQLFUSION LLC","SQLFusion LLC checking XXXXXX6152",$912.46,,
"Payments Made Electronically",09/14/10," ","Payroll          Tax        Sep 14 410525          SQLFusion LLC","SQLFusion LLC checking XXXXXX6152",$5.28,,
"Payments Made Electronically",09/13/10," ","ACS SLS          EXPERTPAY               XXXXX3208 SQLFUSION LLC","SQLFusion LLC checking XXXXXX6152",$147.25,,
"Payments Made Electronically",09/13/10," ","BANKCARD DISCOUNT FEE      -     0226313173","SQLFusion LLC checking XXXXXX6152",$83.44,,
"Payments Made Electronically",09/13/10," ","BANKCARD FEE               -     0226313173","SQLFusion LLC checking XXXXXX6152",$2.94,,
"Payments Made Electronically",09/13/10," ","BANKCARD FEE               -     0226313173","SQLFusion LLC checking XXXXXX6152",$7.50,,
"Payments Made Electronically",09/13/10," ","BANKCARD FEE               -     0226313173","SQLFusion LLC checking XXXXXX6152",$0.39,,
"Payments Made Electronically",09/13/10," ","BANKCARD INTERCHANGE FEE   -     0226313173","SQLFusion LLC checking XXXXXX6152",$3.67,,
"Payments Made Electronically",09/13/10," ","BANKCARD INTERCHANGE FEE   -     0226313173","SQLFusion LLC checking XXXXXX6152",$150.82,,
"Payments Made Electronically",09/09/10," ","Payroll          PAYROLL    Sep 09 410525          SQLFusion LLC","SQLFusion LLC checking XXXXXX6152",$652.71,,
"Payments Made Electronically",09/07/10," ","ACS SLS          EXPERTPAY               XXXXX3208 SQLFUSION LLC","SQLFusion LLC checking XXXXXX6152",$147.25,,
"Payments Made Electronically",09/03/10," ","Payroll          PAYROLL    Sep 03 410525          SQLFusion LLC","SQLFusion LLC checking XXXXXX6152",$251.13,,
"Payments Made Electronically",09/03/10," ","Payroll          PAYROLL    Sep 03 410525          SQLFusion LLC","SQLFusion LLC checking XXXXXX6152",$652.71,,
"Payments Made Electronically",08/30/10," ","ACS SLS          EXPERTPAY               XXXXX3208 SQLFUSION LLC","SQLFusion LLC checking XXXXXX6152",$147.25,,
"Payments Made Electronically",08/27/10," ","Payroll          PAYROLL    Aug 27 410525          SQLFusion LLC","SQLFusion LLC checking XXXXXX6152",$205.31,,
"Payments Made Electronically",08/27/10," ","Payroll          PAYROLL    Aug 27 410525          SQLFusion LLC","SQLFusion LLC checking XXXXXX6152",$652.72,,
"Payments Made Electronically",08/23/10," ","ACS SLS          EXPERTPAY               XXXXX3208 SQLFUSION LLC","SQLFusion LLC checking XXXXXX6152",$147.25,,
"Payments Made Electronically",08/20/10," ","Payroll          PAYROLL    Aug 20 410525          SQLFusion LLC","SQLFusion LLC checking XXXXXX6152",$54.75,,
"Payments Made Electronically",08/19/10," ","Payroll          PAYROLL    Aug 19 410525          SQLFusion LLC","SQLFusion LLC checking XXXXXX6152",$652.71,,
"Payments Made Electronically",08/16/10," ","ACS SLS          EXPERTPAY               XXXXX3208 SQLFUSION LLC","SQLFusion LLC checking XXXXXX6152",$147.25,,
"Payments Made Electronically",08/16/10," ","IRS              USATAXPYMT 081610 227062866007932 SQLFUSION LLC","SQLFusion LLC checking XXXXXX6152","$1,184.22",,
"Payments Made Electronically",08/13/10," ","Payroll          Tax        Aug 13 410525          SQLFusion LLC","SQLFusion LLC checking XXXXXX6152",$10.14,,
"Payments Made Electronically",08/12/10," ","Payroll          PAYROLL    Aug 12 410525          SQLFusion LLC","SQLFusion LLC checking XXXXXX6152",$652.71,,
"Payments Made Electronically",08/11/10," ","BANKCARD DISCOUNT FEE      -     0226313173","SQLFusion LLC checking XXXXXX6152",$212.02,,
"Payments Made Electronically",08/11/10," ","BANKCARD FEE               -     0226313173","SQLFusion LLC checking XXXXXX6152",$7.50,,
"Payments Made Electronically",08/11/10," ","BANKCARD FEE               -     0226313173","SQLFusion LLC checking XXXXXX6152",$3.79,,
"Payments Made Electronically",08/11/10," ","BANKCARD FEE               -     0226313173","SQLFusion LLC checking XXXXXX6152",$4.65,,
"Payments Made Electronically",08/11/10," ","BANKCARD INTERCHANGE FEE   -     0226313173","SQLFusion LLC checking XXXXXX6152",$9.33,,
"Payments Made Electronically",08/11/10," ","BANKCARD INTERCHANGE FEE   -     0226313173","SQLFusion LLC checking XXXXXX6152",$51.05,,
"Payments Made Electronically",08/09/10," ","ACS SLS          EXPERTPAY               XXXXX3208 SQLFUSION LLC","SQLFusion LLC checking XXXXXX6152",$147.25,,
"Payments Made Electronically",08/05/10," ","Payroll          PAYROLL    Aug 05 410525          SQLFusion LLC","SQLFusion LLC checking XXXXXX6152",$177.94,,
"Payments Made Electronically",08/05/10," ","Payroll          PAYROLL    Aug 05 410525          SQLFusion LLC","SQLFusion LLC checking XXXXXX6152",$652.71,,
"Payments Made Electronically",08/02/10," ","ACS SLS          EXPERTPAY               XXXXX3208 SQLFUSION LLC","SQLFusion LLC checking XXXXXX6152",$147.25,,
"Payments Made Electronically",07/29/10," ","Payroll          PAYROLL    Jul 29 410525          SQLFusion LLC","SQLFusion LLC checking XXXXXX6152",$123.18,,
"Payments Made Electronically",07/29/10," ","Payroll          PAYROLL    Jul 29 410525          SQLFusion LLC","SQLFusion LLC checking XXXXXX6152",$652.71,,
"Payments Made Electronically",07/26/10," ","ACS SLS          EXPERTPAY               XXXXX3208 SQLFUSION LLC","SQLFusion LLC checking XXXXXX6152",$147.25,,
"Payments Made Electronically",07/23/10," ","Payroll          PAYROLL    Jul 23 410525          SQLFusion LLC","SQLFusion LLC checking XXXXXX6152",$652.72,,
"Payments Made Electronically",07/19/10," ","ACS SLS          EXPERTPAY               XXXXX3208 SQLFUSION LLC","SQLFusion LLC checking XXXXXX6152",$147.25,,
"Payments Made Electronically",07/15/10," ","IRS              USATAXPYMT 071510 227059666023282 SQLFUSION LLC","SQLFusion LLC checking XXXXXX6152","$1,029.87",,
"Payments Made Electronically",07/15/10," ","Payroll          PAYROLL    Jul 15 410525          SQLFusion LLC","SQLFusion LLC checking XXXXXX6152",$652.71,,
"Payments Made Electronically",07/15/10," ","Payroll          PAYROLL    Jul 15 410525          SQLFusion LLC","SQLFusion LLC checking XXXXXX6152",$198.48,,
"Payments Made Electronically",07/15/10," ","Payroll          Tax        Jul 15 410525          SQLFusion LLC","SQLFusion LLC checking XXXXXX6152",$20.93,,
"Payments Made Electronically",07/15/10," ","Payroll          Tax        Jul 15 410525          SQLFusion LLC","SQLFusion LLC checking XXXXXX6152",$24.45,,
"Payments Made Electronically",07/14/10," ","IRS              USATAXPYMT 071410 227059566006842 SQLFUSION LLC","SQLFusion LLC checking XXXXXX6152","$1,048.78",,
"Payments Made Electronically",07/14/10," ","IRS              USATAXPYMT 071410 227059566006846 SQLFUSION LLC","SQLFusion LLC checking XXXXXX6152",$839.02,,
"Payments Made Electronically",07/13/10," ","BANKCARD DISCOUNT FEE      -     0226313173","SQLFusion LLC checking XXXXXX6152",$7.43,,
"Payments Made Electronically",07/13/10," ","BANKCARD DISCOUNT FEE      -     0226313173","SQLFusion LLC checking XXXXXX6152",$63.34,,
"Payments Made Electronically",07/13/10," ","BANKCARD FEE               -     0226313173","SQLFusion LLC checking XXXXXX6152",$0.39,,
"Payments Made Electronically",07/13/10," ","BANKCARD FEE               -     0226313173","SQLFusion LLC checking XXXXXX6152",$1.18,,
"Payments Made Electronically",07/13/10," ","BANKCARD FEE               -     0226313173","SQLFusion LLC checking XXXXXX6152",$3.34,,
"Payments Made Electronically",07/13/10," ","BANKCARD FEE               -     0226313173","SQLFusion LLC checking XXXXXX6152",$7.50,,
"Payments Made Electronically",07/13/10," ","BANKCARD INTERCHANGE FEE   -     0226313173","SQLFusion LLC checking XXXXXX6152",$2.34,,
"Payments Made Electronically",07/13/10," ","BANKCARD INTERCHANGE FEE   -     0226313173","SQLFusion LLC checking XXXXXX6152",$125.94,,
"Payments Made Electronically",07/13/10," ","BANKCARD INTERCHANGE FEE   -     0226313173","SQLFusion LLC checking XXXXXX6152",$0.33,,
"Payments Made Electronically",07/12/10," ","ACS SLS          EXPERTPAY               XXXXX3208 SQLFUSION LLC","SQLFusion LLC checking XXXXXX6152",$147.25,,
"Payments Made Electronically",07/09/10," ","Payroll          PAYROLL    Jul 09 410525          SQLFusion LLC","SQLFusion LLC checking XXXXXX6152",$652.71,,
"Payments Made Electronically",07/09/10," ","Payroll          PAYROLL    Jul 09 410525          SQLFusion LLC","SQLFusion LLC checking XXXXXX6152",$298.91,,
"Payments Made Electronically",07/06/10," ","ACS SLS          EXPERTPAY               XXXXX3208 SQLFUSION LLC","SQLFusion LLC checking XXXXXX6152",$147.25,,
"Payments Made Electronically",07/01/10," ","Payroll          PAYROLL    Jul 01 410525          SQLFusion LLC","SQLFusion LLC checking XXXXXX6152",$130.03,,
"Payments Made Electronically",07/01/10," ","Payroll          PAYROLL    Jul 01 410525          SQLFusion LLC","SQLFusion LLC checking XXXXXX6152",$652.71,,
"Payments Made Electronically",06/28/10," ","ACS SLS          EXPERTPAY               XXXXX3208 SQLFUSION LLC","SQLFusion LLC checking XXXXXX6152",$147.25,,
"Payments Made Electronically",06/24/10," ","Payroll          PAYROLL    Jun 24 410525          SQLFusion LLC","SQLFusion LLC checking XXXXXX6152",$459.16,,
"Payments Made Electronically",06/24/10," ","Payroll          PAYROLL    Jun 24 410525          SQLFusion LLC","SQLFusion LLC checking XXXXXX6152",$652.72,,
"Payments Made Electronically",06/21/10," ","ACS SLS          EXPERTPAY               XXXXX3208 SQLFUSION LLC","SQLFusion LLC checking XXXXXX6152",$147.25,,
"Payments Made Electronically",06/17/10," ","Payroll          PAYROLL    Jun 17 410525          SQLFusion LLC","SQLFusion LLC checking XXXXXX6152",$203.95,,
"Payments Made Electronically",06/17/10," ","Payroll          PAYROLL    Jun 17 410525          SQLFusion LLC","SQLFusion LLC checking XXXXXX6152",$652.71,,
"Payments Made Electronically",06/14/10," ","ACS SLS          EXPERTPAY               XXXXX3208 SQLFUSION LLC","SQLFusion LLC checking XXXXXX6152",$147.25,,
"Payments Made Electronically",06/10/10," ","BANKCARD DISCOUNT FEE      -     0226313173","SQLFusion LLC checking XXXXXX6152",$0.88,,
"Payments Made Electronically",06/10/10," ","BANKCARD DISCOUNT FEE      -     0226313173","SQLFusion LLC checking XXXXXX6152",$2.48,,
"Payments Made Electronically",06/10/10," ","BANKCARD DISCOUNT FEE      -     0226313173","SQLFusion LLC checking XXXXXX6152",$164.00,,
"Payments Made Electronically",06/10/10," ","BANKCARD FEE               -     0226313173","SQLFusion LLC checking XXXXXX6152",$0.39,,
"Payments Made Electronically",06/10/10," ","BANKCARD FEE               -     0226313173","SQLFusion LLC checking XXXXXX6152",$4.38,,
"Payments Made Electronically",06/10/10," ","BANKCARD FEE               -     0226313173","SQLFusion LLC checking XXXXXX6152",$7.50,,
"Payments Made Electronically",06/10/10," ","BANKCARD INTERCHANGE FEE   -     0226313173","SQLFusion LLC checking XXXXXX6152",$0.11,,
"Payments Made Electronically",06/10/10," ","BANKCARD INTERCHANGE FEE   -     0226313173","SQLFusion LLC checking XXXXXX6152",$6.10,,
"Payments Made Electronically",06/10/10," ","BANKCARD INTERCHANGE FEE   -     0226313173","SQLFusion LLC checking XXXXXX6152",$56.04,,
"Payments Made Electronically",06/10/10," ","Payroll          PAYROLL    Jun 10 410525          SQLFusion LLC","SQLFusion LLC checking XXXXXX6152",$177.93,,
"Payments Made Electronically",06/10/10," ","Payroll          PAYROLL    Jun 10 410525          SQLFusion LLC","SQLFusion LLC checking XXXXXX6152",$652.71,,
"Payments Made Electronically",06/07/10," ","ACS SLS          EXPERTPAY               XXXXX3208 SQLFUSION LLC","SQLFusion LLC checking XXXXXX6152",$147.25,,
"Payments Made Electronically",06/03/10," ","Payroll          PAYROLL    Jun 03 410525          SQLFusion LLC","SQLFusion LLC checking XXXXXX6152",$652.71,,
"Payments Made Electronically",06/01/10," ","ACS SLS          EXPERTPAY               XXXXX3208 SQLFUSION LLC","SQLFusion LLC checking XXXXXX6152",$147.25,,
"Payments Made Electronically",05/27/10," ","Payroll          PAYROLL    May 27 410525          SQLFusion LLC","SQLFusion LLC checking XXXXXX6152",$652.72,,
"Payments Made Electronically",05/24/10," ","ACS SLS          EXPERTPAY               XXXXX3208 SQLFUSION LLC","SQLFusion LLC checking XXXXXX6152",$147.25,,
"Payments Made Electronically",05/20/10," ","Payroll          PAYROLL    May 20 410525          SQLFusion LLC","SQLFusion LLC checking XXXXXX6152",$652.71,,
"Payments Made Electronically",05/17/10," ","ACS SLS          EXPERTPAY               XXXXX3208 SQLFUSION LLC","SQLFusion LLC checking XXXXXX6152",$147.25,,
"Payments Made Electronically",05/13/10," ","Payroll          PAYROLL    May 13 410525          SQLFusion LLC","SQLFusion LLC checking XXXXXX6152",$652.70,,
"Payments Made Electronically",05/12/10," ","BANKCARD DISCOUNT FEE      -     0226313173","SQLFusion LLC checking XXXXXX6152",$7.50,,
"Payments Made Electronically",05/12/10," ","BANKCARD DISCOUNT FEE      -     0226313173","SQLFusion LLC checking XXXXXX6152",$9.90,,
"Payments Made Electronically",05/12/10," ","BANKCARD DISCOUNT FEE      -     0226313173","SQLFusion LLC checking XXXXXX6152",$65.84,,
"Payments Made Electronically",05/12/10," ","BANKCARD FEE               -     0226313173","SQLFusion LLC checking XXXXXX6152",$1.58,,
"Payments Made Electronically",05/12/10," ","BANKCARD FEE               -     0226313173","SQLFusion LLC checking XXXXXX6152",$3.56,,
"Payments Made Electronically",05/12/10," ","BANKCARD FEE               -     0226313173","SQLFusion LLC checking XXXXXX6152",$7.50,,
"Payments Made Electronically",05/12/10," ","BANKCARD INTERCHANGE FEE   -     0226313173","SQLFusion LLC checking XXXXXX6152",$0.44,,
"Payments Made Electronically",05/12/10," ","BANKCARD INTERCHANGE FEE   -     0226313173","SQLFusion LLC checking XXXXXX6152",$2.71,,
"Payments Made Electronically",05/12/10," ","BANKCARD INTERCHANGE FEE   -     0226313173","SQLFusion LLC checking XXXXXX6152",$48.86,,
"Payments Made Electronically",05/10/10," ","ACS SLS          EXPERTPAY               XXXXX3208 SQLFUSION LLC","SQLFusion LLC checking XXXXXX6152",$147.25,,
"Payments Made Electronically",05/06/10," ","Payroll          PAYROLL    May 06 410525          SQLFusion LLC","SQLFusion LLC checking XXXXXX6152",$652.72,,
"Payments Made Electronically",05/03/10," ","ACS SLS          EXPERTPAY               XXXXX3208 SQLFUSION LLC","SQLFusion LLC checking XXXXXX6152",$147.25,,
"Payments Made Electronically",04/29/10," ","Payroll          PAYROLL    Apr 29 410525          SQLFusion LLC","SQLFusion LLC checking XXXXXX6152",$652.71,,
"Payments Made Electronically",04/26/10," ","ACS SLS          EXPERTPAY               XXXXX3208 SQLFUSION LLC","SQLFusion LLC checking XXXXXX6152",$147.25,,
"Payments Made Electronically",04/22/10," ","Payroll          PAYROLL    Apr 22 410525          SQLFusion LLC","SQLFusion LLC checking XXXXXX6152",$652.72,,
"Payments Made Electronically",04/19/10," ","ACS SLS          EXPERTPAY               XXXXX3208 SQLFUSION LLC","SQLFusion LLC checking XXXXXX6152",$147.25,,
"Payments Made Electronically",04/16/10," ","Payroll          PAYROLL    Apr 15 410525          SQLFusion LLC","SQLFusion LLC checking XXXXXX6152",$652.70,,
"Payments Made Electronically",04/15/10," ","IRS              USATAXPYMT 041510 227050566013802 SQLFUSION LLC","SQLFusion LLC checking XXXXXX6152",$839.02,,
"Payments Made Electronically",04/12/10," ","ACS SLS          EXPERTPAY               XXXXX3208 SQLFUSION LLC","SQLFusion LLC checking XXXXXX6152",$147.25,,
"Payments Made Electronically",04/12/10," ","BANKCARD DISCOUNT FEE      -     0226313173","SQLFusion LLC checking XXXXXX6152",$4.95,,
"Payments Made Electronically",04/12/10," ","BANKCARD DISCOUNT FEE      -     0226313173","SQLFusion LLC checking XXXXXX6152",$60.83,,
"Payments Made Electronically",04/12/10," ","BANKCARD FEE               -     0226313173","SQLFusion LLC checking XXXXXX6152",$0.79,,
"Payments Made Electronically",04/12/10," ","BANKCARD FEE               -     0226313173","SQLFusion LLC checking XXXXXX6152",$3.76,,
"Payments Made Electronically",04/12/10," ","BANKCARD FEE               -     0226313173","SQLFusion LLC checking XXXXXX6152",$7.50,,
"Payments Made Electronically",04/12/10," ","BANKCARD INTERCHANGE FEE   -     0226313173","SQLFusion LLC checking XXXXXX6152",$55.76,,
"Payments Made Electronically",04/08/10," ","Payroll          PAYROLL    Apr 08 410525          SQLFusion LLC","SQLFusion LLC checking XXXXXX6152",$652.72,,
"Payments Made Electronically",04/05/10," ","ACS SLS          EXPERTPAY               XXXXX3208 SQLFUSION LLC","SQLFusion LLC checking XXXXXX6152",$147.25,,
"Payments Made Electronically",04/01/10," ","Payroll          PAYROLL    Apr 01 410525          SQLFusion LLC","SQLFusion LLC checking XXXXXX6152",$652.71,,
"Payments Made Electronically",03/29/10," ","ACS SLS          EXPERTPAY               XXXXX3208 SQLFUSION LLC","SQLFusion LLC checking XXXXXX6152",$147.25,,
"Payments Made Electronically",03/25/10," ","Payroll          PAYROLL    Mar 25 410525          SQLFusion LLC","SQLFusion LLC checking XXXXXX6152",$652.72,,
"Payments Made Electronically",03/22/10," ","ACS SLS          EXPERTPAY               XXXXX3208 SQLFUSION LLC","SQLFusion LLC checking XXXXXX6152",$147.25,,
"Payments Made Electronically",03/18/10," ","Payroll          PAYROLL    Mar 18 410525          SQLFusion LLC","SQLFusion LLC checking XXXXXX6152",$652.71,,
"Payments Made Electronically",03/15/10," ","ACS SLS          EXPERTPAY               XXXXX3208 SQLFUSION LLC","SQLFusion LLC checking XXXXXX6152",$147.25,,
"Payments Made Electronically",03/15/10," ","IRS              USATAXPYMT 031510 227047466024950 SQLFUSION LLC","SQLFusion LLC checking XXXXXX6152",$839.02,,
"Payments Made Electronically",03/11/10," ","Payroll          PAYROLL    Mar 11 410525          SQLFusion LLC","SQLFusion LLC checking XXXXXX6152",$652.70,,
"Payments Made Electronically",03/10/10," ","BANKCARD DISCOUNT FEE      -     0226313173","SQLFusion LLC checking XXXXXX6152",$78.88,,
"Payments Made Electronically",03/10/10," ","BANKCARD DISCOUNT FEE      -     0226313173","SQLFusion LLC checking XXXXXX6152",$2.49,,
"Payments Made Electronically",03/10/10," ","BANKCARD FEE               -     0226313173","SQLFusion LLC checking XXXXXX6152",$7.50,,
"Payments Made Electronically",03/10/10," ","BANKCARD FEE               -     0226313173","SQLFusion LLC checking XXXXXX6152",$3.36,,
"Payments Made Electronically",03/10/10," ","BANKCARD INTERCHANGE FEE   -     0226313173","SQLFusion LLC checking XXXXXX6152",$55.94,,
"Payments Made Electronically",03/08/10," ","ACS SLS          EXPERTPAY               XXXXX3208 SQLFUSION LLC","SQLFusion LLC checking XXXXXX6152",$147.25,,
"Payments Made Electronically",03/04/10," ","Payroll          PAYROLL    Mar 04 410525          SQLFusion LLC","SQLFusion LLC checking XXXXXX6152",$652.72,,
"Payments Made Electronically",03/01/10," ","ACS SLS          EXPERTPAY               XXXXX3208 SQLFUSION LLC","SQLFusion LLC checking XXXXXX6152",$147.25,,
"Payments Made Electronically",02/25/10," ","Payroll          PAYROLL    Feb 25 410525          SQLFusion LLC","SQLFusion LLC checking XXXXXX6152",$652.71,,
"Payments Made Electronically",02/22/10," ","ACS SLS          EXPERTPAY               XXXXX3208 SQLFUSION LLC","SQLFusion LLC checking XXXXXX6152",$147.25,,
"Payments Made Electronically",02/19/10," ","IRS              USATAXPYMT 021910 227045066007176 SQLFUSION LLC","SQLFusion LLC checking XXXXXX6152","$1,048.78",,
"Payments Made Electronically",02/18/10," ","Payroll          PAYROLL    Feb 18 410525          SQLFusion LLC","SQLFusion LLC checking XXXXXX6152",$652.72,,
"Payments Made Electronically",02/16/10," ","ACS SLS          EXPERTPAY               XXXXX3208 SQLFUSION LLC","SQLFusion LLC checking XXXXXX6152",$147.25,,
"Payments Made Electronically",02/11/10," ","Payroll          PAYROLL    Feb 11 410525          SQLFusion LLC","SQLFusion LLC checking XXXXXX6152",$652.70,,
"Payments Made Electronically",02/10/10," ","BANKCARD DISCOUNT FEE      -     0226313173","SQLFusion LLC checking XXXXXX6152",$75.83,,
"Payments Made Electronically",02/10/10," ","BANKCARD DISCOUNT FEE      -     0226313173","SQLFusion LLC checking XXXXXX6152",$7.46,,
"Payments Made Electronically",02/10/10," ","BANKCARD DISCOUNT FEE      -     0226313173","SQLFusion LLC checking XXXXXX6152",$1.50,,
"Payments Made Electronically",02/10/10," ","BANKCARD FEE               -     0226313173","SQLFusion LLC checking XXXXXX6152",$7.50,,
"Payments Made Electronically",02/10/10," ","BANKCARD FEE               -     0226313173","SQLFusion LLC checking XXXXXX6152",$3.66,,
"Payments Made Electronically",02/10/10," ","BANKCARD FEE               -     0226313173","SQLFusion LLC checking XXXXXX6152",$0.79,,
"Payments Made Electronically",02/10/10," ","BANKCARD FEE               -     0226313173","SQLFusion LLC checking XXXXXX6152",$0.79,,
"Payments Made Electronically",02/10/10," ","BANKCARD INTERCHANGE FEE   -     0226313173","SQLFusion LLC checking XXXXXX6152",$30.70,,
"Payments Made Electronically",02/10/10," ","BANKCARD INTERCHANGE FEE   -     0226313173","SQLFusion LLC checking XXXXXX6152",$0.07,,
"Payments Made Electronically",02/08/10," ","ACS SLS          EXPERTPAY               XXXXX3208 SQLFUSION LLC","SQLFusion LLC checking XXXXXX6152",$147.25,,
"Payments Made Electronically",02/05/10," ","Payroll          PAYROLL    Feb 05 410525          SQLFusion LLC","SQLFusion LLC checking XXXXXX6152",$652.72,,
"Payments Made Electronically",02/01/10," ","ACS SLS          EXPERTPAY               XXXXX3208 SQLFUSION LLC","SQLFusion LLC checking XXXXXX6152",$147.25,,
"Payments Made Electronically",02/01/10," ","IRS              USATAXPYMT 020110 227043266026176 SQLFUSION LLC","SQLFusion LLC checking XXXXXX6152",$56.00,,
"Payments Made Electronically",01/28/10," ","Payroll          PAYROLL    Jan 28 410525          SQLFusion LLC","SQLFusion LLC checking XXXXXX6152",$652.71,,
"Payments Made Electronically",01/25/10," ","ACS SLS          EXPERTPAY               XXXXX3208 SQLFUSION LLC","SQLFusion LLC checking XXXXXX6152",$147.25,,
"Payments Made Electronically",01/21/10," ","01/21BANKCARD DEPOSIT           -0226313173","SQLFusion LLC checking XXXXXX6152",$30.00,,
"Payments Made Electronically",01/21/10," ","Payroll          PAYROLL    Jan 21 410525          SQLFusion LLC","SQLFusion LLC checking XXXXXX6152",$652.72,,
"Payments Made Electronically",01/19/10," ","ACS SLS          EXPERTPAY               XXXXX3208 SQLFUSION LLC","SQLFusion LLC checking XXXXXX6152",$147.25,,
"Payments Made Electronically",01/15/10," ","IRS              USATAXPYMT 011510 227041566010060 SQLFUSION LLC","SQLFusion LLC checking XXXXXX6152",$823.86,,
"Payments Made Electronically",01/14/10," ","Payroll          PAYROLL    Jan 14 410525          SQLFusion LLC","SQLFusion LLC checking XXXXXX6152",$652.70,,
"Payments Made Electronically",01/13/10," ","BANKCARD DISCOUNT FEE      -     0226313173","SQLFusion LLC checking XXXXXX6152",$62.70,,
"Payments Made Electronically",01/13/10," ","BANKCARD DISCOUNT FEE      -     0226313173","SQLFusion LLC checking XXXXXX6152",$2.48,,
"Payments Made Electronically",01/13/10," ","BANKCARD FEE               -     0226313173","SQLFusion LLC checking XXXXXX6152",$0.79,,
"Payments Made Electronically",01/13/10," ","BANKCARD FEE               -     0226313173","SQLFusion LLC checking XXXXXX6152",$2.57,,
"Payments Made Electronically",01/13/10," ","BANKCARD FEE               -     0226313173","SQLFusion LLC checking XXXXXX6152",$0.39,,
"Payments Made Electronically",01/13/10," ","BANKCARD FEE               -     0226313173","SQLFusion LLC checking XXXXXX6152",$7.50,,
"Payments Made Electronically",01/13/10," ","BANKCARD INTERCHANGE FEE   -     0226313173","SQLFusion LLC checking XXXXXX6152",$89.52,,
"Payments Made Electronically",01/11/10," ","ACS SLS          EXPERTPAY               XXXXX3208 SQLFUSION LLC","SQLFusion LLC checking XXXXXX6152",$147.25,,
"Payments Made Electronically",01/07/10," ","Payroll          PAYROLL    Jan 07 410525          SQLFusion LLC","SQLFusion LLC checking XXXXXX6152",$652.72,,
"Payments Made Electronically",01/04/10," ","ACS SLS          EXPERTPAY               XXXXX3208 SQLFUSION LLC","SQLFusion LLC checking XXXXXX6152",$147.25,,
"Entertainment",06/04/10," ","CHECK CRD PURCHASE 06/03 YOGAGLO                 310-491-0699  CA 491987XXXXXX6900 155040011504198                               ?MCC=7999                     121042882DA01","Check Card/ATM Card XXXX-XXXX-XXXX-6900",$18.00,,
"Groceries",11/24/10,"800-782-7282,WA","STARBUCKS CARD RELOAD 800-782-7282 WA","BUSINESS CARD XXXX-XXXX-XXXX-5310",$35.00,,
"Groceries",11/08/10,"CULVER CITY,CA","GRAND CASINO BAKERY CULVER CITY CA","BUSINESS CARD XXXX-XXXX-XXXX-5310",$6.55,,
"Groceries",10/27/10,"CLARKSVILLE,TN","WAL-MART #0673 CLARKSVILLE TN","BUSINESS CARD XXXX-XXXX-XXXX-5310",$5.52,,
"Groceries",10/26/10,"CLARKSVILLE,TN","WAL-MART #0673 CLARKSVILLE TN","BUSINESS CARD XXXX-XXXX-XXXX-5310",$13.80,,
"Groceries",10/16/10,"800-782-7282,WA","STARBUCKS CARD RELOAD 800-782-7282 WA","BUSINESSLINE? XXXX-XXXX-XXXX-7063",$35.00,,
"Groceries",09/25/10,"800-782-7282,WA","STARBUCKS CARD RELOAD 800-782-7282 WA","Credit Card XXXX-XXXX-XXXX-8836",$35.00,,
"Groceries",09/09/10,"800-782-7282,WA","STARBUCKS CARD RELOAD 800-782-7282 WA","Credit Card XXXX-XXXX-XXXX-8836",$35.00,,
"Groceries",08/26/10,"800-782-7282,WA","STARBUCKS CARD RELOAD 800-782-7282 WA","Credit Card XXXX-XXXX-XXXX-8836",$35.00,,
"Groceries",05/21/10,"CULVER CITY,CA","FAMIMA!! CULVER CITY CA","Credit Card XXXX-XXXX-XXXX-8836",$7.65,,
"Groceries",04/27/10,"CULVER CITY,CA","TRADER JOE'S # 036 QPS CULVER CITY CA","Credit Card XXXX-XXXX-XXXX-8836",$9.07,,
"Household",11/17/10,"866-557-2820,NV","Amazon Prime 866-557-2820 NV","BUSINESS CARD XXXX-XXXX-XXXX-5310",$79.00,,
"Household",05/04/10,"888-642-9675,VA","NETWORK SOLUTIONS, LLC 888-642-9675 VA","Credit Card XXXX-XXXX-XXXX-8836",$69.98,,
"Household",03/08/10," ","CHECK CRD PURCHASE 03/05 NFI*WWW.NETFLIX.COM/CC  NETFLIX.COM   CA 491987XXXXXX6900 066040022984877                               ?MCC=5968                     121042882DA01","Check Card/ATM Card XXXX-XXXX-XXXX-6900",$18.65,,
"Household",03/08/10,"888-642-9675,VA","NETWORK SOLUTIONS, LLC 888-642-9675 VA","Credit Card XXXX-XXXX-XXXX-8836",$86.97,,
"Household",02/08/10," ","CHECK CRD PURCHASE 02/05 NFI*WWW.NETFLIX.COM/CC  NETFLIX.COM   CA 491987XXXXXX6900 038040021023644                               ?MCC=5968                     121042882DA01","Check Card/ATM Card XXXX-XXXX-XXXX-6900",$18.65,,
"Household",01/06/10," ","CHECK CRD PURCHASE 01/05 NFI*WWW.NETFLIX.COM/CC  NETFLIX.COM   CA 491987XXXXXX6900 006040009510110                               ?MCC=5968                     121042882DA01","Check Card/ATM Card XXXX-XXXX-XXXX-6900",$18.65,,
"Insurance / Financial Services",11/27/10,"LOS ANGELES","Bus: Insurance-BLUE SHIELD SQL","SQLFusion LLC checking XXXXXX6152","$1,069.00",,
"Insurance / Financial Services",11/10/10,"LOS ANGELES","Bus: Insurance-BLUE SHIELD SQL","SQLFusion LLC checking XXXXXX6152","$1,200.00",,
"Insurance / Financial Services",10/02/10,"LOS ANGELES","Bus: Insurance-BLUE SHIELD SQL","SQLFusion LLC checking XXXXXX6152","$1,347.26",,
"Insurance / Financial Services",08/28/10,"SANTA ANA","Bus: Insurance-AIS MERCURY","SQLFusion LLC checking XXXXXX6152",$593.80,,
"Insurance / Financial Services",08/27/10,"LOS ANGELES","Bus: Insurance-BLUE SHIELD SQL","SQLFusion LLC checking XXXXXX6152","$1,347.00",,
"Insurance / Financial Services",07/22/10,"LOS ANGELES","Bus: Insurance-BLUE SHIELD SQL","SQLFusion LLC checking XXXXXX6152","$1,347.00",,
"Insurance / Financial Services",07/02/10,"LOS ANGELES","Bus: Insurance-BLUE SHIELD SQL","SQLFusion LLC checking XXXXXX6152","$1,347.00",,
"Insurance / Financial Services",05/29/10,"LOS ANGELES","Bus: Insurance-BLUE SHIELD SQL","SQLFusion LLC checking XXXXXX6152","$1,018.85",,
"Insurance / Financial Services",04/23/10,"LOS ANGELES","Bus: Insurance-BLUE SHIELD SQL","SQLFusion LLC checking XXXXXX6152","$1,347.26",,
"Insurance / Financial Services",04/06/10,"LOS ANGELES","Bus: Insurance-BLUE SHIELD SQL","SQLFusion LLC checking XXXXXX6152","$1,347.26",,
"Insurance / Financial Services",03/02/10,"LOS ANGELES","Bus: Insurance-BLUE SHIELD SQL","SQLFusion LLC checking XXXXXX6152","$1,347.26",,
"Insurance / Financial Services",01/27/10,"Los Angeles","Bus: Insurance-BLUE SHIELD SQL","SQLFusion LLC checking XXXXXX6152","$1,347.26",,
"Lodging",10/29/10,"CLARKSVILLE,TN","COURTYARD BY MARRIOTT CLK CLARKSVILLE TN","BUSINESS CARD XXXX-XXXX-XXXX-5310",$5.48,,
"Lodging",10/29/10,"CLARKSVILLE,TN","COURTYARD BY MARRIOTT CLK CLARKSVILLE TN","BUSINESS CARD XXXX-XXXX-XXXX-5310",$570.66,,
"Lodging",08/08/10,"TRICHUR,II","HOTEL LUCIYA PALACE TRICHUR II","Credit Card XXXX-XXXX-XXXX-8836",$65.44,,
"Lodging",08/02/10,"Bangalore,II","Casa Cottage 899704880 Bangalore II","Credit Card XXXX-XXXX-XXXX-8836",$65.91,,
"Office Supply / Stationery ",10/15/10,"LOS ANGELES,CA","OFFICE MAX LOS ANGELES CA","BUSINESS CARD XXXX-XXXX-XXXX-5310",$43.89,,
"Office Supply / Stationery ",09/25/10,"LOS ANGELES,CA","OFFICE MAX LOS ANGELES CA","Credit Card XXXX-XXXX-XXXX-8836",$55.73,,
"Other Spending",12/23/10,"New York","Bus: Misc-ARCTERN, INC.","SQLFusion LLC checking XXXXXX6152","$1,500.00",,
"Other Spending",11/10/10,"SANTA MONICA","Bus: Misc-CISLO & THOMAS L","SQLFusion LLC checking XXXXXX6152","$1,000.00",,
"Other Spending",08/27/10,"New York","Bus: Misc-ARCTERN, INC.","SQLFusion LLC checking XXXXXX6152","$11,076.00",,
"Other Spending",08/27/10,"San Francisco","Bus: Misc-BECKY","SQLFusion LLC checking XXXXXX6152",$275.00,,
"Other Spending",08/20/10,"SANTA MONICA","Bus: Misc-CISLO & THOMAS L","SQLFusion LLC checking XXXXXX6152","$1,000.00",,
"Other Spending",07/28/10,"New York","Bus: Misc-ARCTERN, INC.","SQLFusion LLC checking XXXXXX6152","$5,538.00",,
"Other Spending",07/27/10,"FEE,","REWARDS ANNUAL MEMBERSHIP FEE","Credit Card XXXX-XXXX-XXXX-8836",$50.00,,
"Other Spending",07/17/10,"SANTA MONICA","Bus: Misc-CISLO & THOMAS L","SQLFusion LLC checking XXXXXX6152","$1,000.00",,
"Other Spending",07/07/10,"San Francisco","Bus: Misc-BECKY","SQLFusion LLC checking XXXXXX6152",$800.00,,
"Other Spending",07/07/10,"Portland","Other Spending-WORD LIONS","SQLFusion LLC checking XXXXXX6152",$400.00,,
"Other Spending",07/02/10,"New York","Bus: Misc-ARCTERN, INC.","SQLFusion LLC checking XXXXXX6152","$5,538.00",,
"Other Spending",06/11/10,"New York","Bus: Misc-ARCTERN, INC.","SQLFusion LLC checking XXXXXX6152","$5,538.00",,
"Other Spending",06/11/10,"Portland","Other Spending-WORD LIONS","SQLFusion LLC checking XXXXXX6152",$400.00,,
"Other Spending",06/02/10,"San Francisco","Bus: Misc-BECKY","SQLFusion LLC checking XXXXXX6152","$1,150.00",,
"Other Spending",06/02/10,"SANTA MONICA","Bus: Misc-CISLO & THOMAS L","SQLFusion LLC checking XXXXXX6152","$1,000.00",,
"Other Spending",06/02/10,"Portland","Other Spending-WORD LIONS","SQLFusion LLC checking XXXXXX6152",$400.00,,
"Other Spending",05/20/10,"Portland","Other Spending-WORD LIONS","SQLFusion LLC checking XXXXXX6152",$400.00,,
"Other Spending",05/05/10,"San Francisco","Bus: Misc-BECKY","SQLFusion LLC checking XXXXXX6152",$425.00,,
"Other Spending",05/05/10,"Portland","Other Spending-WORD LIONS","SQLFusion LLC checking XXXXXX6152",$400.00,,
"Other Spending",04/27/10,"Portland","Bus: Misc-WORD LIONS","SQLFusion LLC checking XXXXXX6152",$800.00,,
"Other Spending",03/23/10,"New York","Bus: Misc-ARCTERN, INC.","SQLFusion LLC checking XXXXXX6152","$5,538.00",,
"Other Spending",03/19/10,"SANTA MONICA","Bus: Misc-CISLO & THOMAS L","SQLFusion LLC checking XXXXXX6152",$812.75,,
"Other Spending",03/12/10,"New York","Bus: Misc-ARCTERN, INC.","SQLFusion LLC checking XXXXXX6152","$5,538.00",,
"Other Spending",03/02/10,"San Francisco","Bus: Misc-BECKY","SQLFusion LLC checking XXXXXX6152",$250.00,,
"Other Spending",01/27/10,"New York","Bus: Misc-ARCTERN, INC.","SQLFusion LLC checking XXXXXX6152","$5,538.00",,
"Personal Services ",12/08/10,"720-339-1508,CO","YOGADOWNLOAD.COM 720-339-1508 CO","BUSINESS CARD XXXX-XXXX-XXXX-5310",$1.49,,
"Postage / Delivery",09/23/10,"CULVER CITY,CA","USPS 05194504331809171 CULVER CITY CA","Credit Card XXXX-XXXX-XXXX-8836",$62.00,,
"Postage / Delivery",09/21/10,"CULVER CITY,CA","USPS 05194504331809171 CULVER CITY CA","Credit Card XXXX-XXXX-XXXX-8836",$7.87,,
"Restaurants",12/31/10," ","CHECK CRD PURCHASE 12/29 LE SERASSON             74PRAZ SUR A  FR 425907XXXXXX4792 365040002433615                               ?MCC=5812 90","Check Card/ATM Card XXXX-XXXX-XXXX-4792",$39.90,,
"Restaurants",12/09/10,"CULVER CITY,CA","L 'EPICERIE MARKET CULVER CITY CA","BUSINESS CARD XXXX-XXXX-XXXX-5310",$11.80,,
"Restaurants",12/01/10,"SANTA MONICA,CA","TADA SANTA MONICA CA","BUSINESS CARD XXXX-XXXX-XXXX-5310",$5.00,,
"Restaurants",11/29/10,"CULVER CITY,CA","LUNCH CULVER CITY CA","BUSINESS CARD XXXX-XXXX-XXXX-5310",$17.76,,
"Restaurants",11/18/10,"W LOS ANGELES,CA","GOOD STUFF BURGERS W LOS ANGELES CA","BUSINESS CARD XXXX-XXXX-XXXX-5310",$18.00,,
"Restaurants",11/05/10,"SANTA MONICA,CA","TADA SANTA MONICA CA","BUSINESS CARD XXXX-XXXX-XXXX-5310",$6.75,,
"Restaurants",11/01/10,"SANTA MONICA,CA","TADA SANTA MONICA CA","BUSINESS CARD XXXX-XXXX-XXXX-5310",$6.75,,
"Restaurants",10/29/10,"NASHVILLE,TN","WENDYS #46 Q25 NASHVILLE TN","BUSINESS CARD XXXX-XXXX-XXXX-5310",$5.23,,
"Restaurants",10/28/10,"CLARKSVILLE,TN","ARBY'S #5115  00051151 CLARKSVILLE TN","BUSINESS CARD XXXX-XXXX-XXXX-5310",$6.12,,
"Restaurants",10/28/10,"CLARKSVILLE,TN","BURGER KING #4248 CLARKSVILLE TN","BUSINESS CARD XXXX-XXXX-XXXX-5310",$4.48,,
"Restaurants",10/27/10,"CLARKSVILLE,TN","MCDONALD'S F17667 CLARKSVILLE TN","BUSINESS CARD XXXX-XXXX-XXXX-5310",$3.49,,
"Restaurants",10/27/10,"CLARKSVILLE,TN","STEAK-N-SHAKE#0312 Q99 CLARKSVILLE TN","BUSINESS CARD XXXX-XXXX-XXXX-5310",$6.34,,
"Restaurants",10/26/10,"LOS ANGELES,CA","CINNABON AT LAX LOS ANGELES CA","BUSINESS CARD XXXX-XXXX-XXXX-5310",$6.23,,
"Restaurants",10/26/10,"NASHVILLE,TN","WENDYS #46 Q25 NASHVILLE TN","BUSINESS CARD XXXX-XXXX-XXXX-5310",$5.23,,
"Restaurants",10/01/10," ","CHECK CRD PURCHASE 09/30 JACK IN THE BOX 3542    GARDENA       CA 425907XXXXXX4792 274040003657430                               ?MCC=5814 90","Check Card/ATM Card XXXX-XXXX-XXXX-4792",$6.57,,
"Restaurants",09/14/10,"LOS ANGELES,CA","ONO HAWAIIAN BBQ LOS ANGE LOS ANGELES CA","Credit Card XXXX-XXXX-XXXX-8836",$8.66,,
"Restaurants",09/10/10,"GARDENA,CA","CARLJR1100544 11005444 GARDENA CA","Credit Card XXXX-XXXX-XXXX-8836",$5.15,,
"Restaurants",09/09/10,"LOS ANGELES,CA","COFFEE BEAN - #164 LOS ANGELES CA","Credit Card XXXX-XXXX-XXXX-8836",$4.55,,
"Restaurants",09/09/10,"SANTA MONICA,CA","SUBWAY        00016154 SANTA MONICA CA","Credit Card XXXX-XXXX-XXXX-8836",$10.98,,
"Restaurants",09/08/10,"LOS ANGELES,CA","COFFEE BEAN - #164 LOS ANGELES CA","Credit Card XXXX-XXXX-XXXX-8836",$4.55,,
"Restaurants",09/08/10,"LOS ANGELES,CA","FATBURGER LOS ANGELES CA","Credit Card XXXX-XXXX-XXXX-8836",$6.78,,
"Restaurants",09/03/10,"LOS ANGELES,CA","IN-N-OUT BURGER 000000055 LOS ANGELES CA","Credit Card XXXX-XXXX-XXXX-8836",$12.62,,
"Restaurants",09/01/10,"LOS ANGELES,CA","COFFEE BEAN - #164 LOS ANGELES CA","Credit Card XXXX-XXXX-XXXX-8836",$4.55,,
"Restaurants",09/01/10,"W LOS ANGELES,CA","GOOD STUFF BURGERS W LOS ANGELES CA","Credit Card XXXX-XXXX-XXXX-8836",$19.92,,
"Restaurants",08/27/10,"LOS ANGELES,CA","IN-N-OUT BURGER 000000055 LOS ANGELES CA","Credit Card XXXX-XXXX-XXXX-8836",$6.31,,
"Restaurants",08/19/10,"CULVER CITY,CA","STARBUCKS USA 00057QPS CULVER CITY CA","BUSINESSLINE? XXXX-XXXX-XXXX-7063",$20.00,,
"Restaurants",07/21/10,"CULVER CITY,CA","BRUNELLO TRATTORIA CULVER CITY CA","Credit Card XXXX-XXXX-XXXX-8836",$22.95,,
"Restaurants",07/11/10,"CULVER CITY,CA","DAPHNES CULVER CITY 1032 CULVER CITY CA","Credit Card XXXX-XXXX-XXXX-8836",$9.43,,
"Restaurants",07/09/10,"CULVER CITY,CA","SAINT AMOUR CULVER CITY CA","Credit Card XXXX-XXXX-XXXX-8836",$110.39,,
"Restaurants",07/07/10,"BEVERLY HILLS,CA","HILTON TRADER VICS BEVERLY HILLS CA","Credit Card XXXX-XXXX-XXXX-8836",$119.94,,
"Restaurants",06/29/10,"LOS ANGELES,CA","IN-N-OUT BURGER 000000055 LOS ANGELES CA","Credit Card XXXX-XXXX-XXXX-8836",$3.35,,
"Restaurants",06/25/10,"CULVER CITY,CA","M CAFE DE CHAYA CULVER CITY CA","Credit Card XXXX-XXXX-XXXX-8836",$26.89,,
"Restaurants",06/17/10,"LOS ANGELES,CA","LA CAFE LOS ANGELES CA","Credit Card XXXX-XXXX-XXXX-8836",$3.70,,
"Restaurants",06/17/10,"CULVER CITY,CA","WENDY'S #9078      Q25 CULVER CITY CA","Credit Card XXXX-XXXX-XXXX-8836",$4.34,,
"Restaurants",06/16/10,"LOS ANGELES,CA","MCDONALD'S M5760 LOS ANGELES CA","Credit Card XXXX-XXXX-XXXX-8836",$4.38,,
"Restaurants",06/09/10,"CULVER CITY,CA","JUNNIES CAFE & LOUNGE CULVER CITY CA","Credit Card XXXX-XXXX-XXXX-8836",$2.05,,
"Restaurants",06/08/10,"CULVER CITY,CA","STARBUCKS USA 00057711 CULVER CITY CA","Credit Card XXXX-XXXX-XXXX-8836",$12.75,,
"Restaurants",06/04/10,"CULVER CITY,CA","JUNNIES CAFE & LOUNGE CULVER CITY CA","Credit Card XXXX-XXXX-XXXX-8836",$3.15,,
"Restaurants",06/03/10,"GARDENA,CA","CARLJR1100544 11005444 GARDENA CA","Credit Card XXXX-XXXX-XXXX-8836",$5.48,,
"Restaurants",06/02/10,"SANTA MONICA,CA","TADA SANTA MONICA CA","Credit Card XXXX-XXXX-XXXX-8836",$6.75,,
"Restaurants",06/01/10,"CULVER CITY,CA","ROYAL T CAFE LLC CULVER CITY CA","Credit Card XXXX-XXXX-XXXX-8836",$5.94,,
"Restaurants",06/01/10,"CULVER CITY,CA","STARBUCKS USA 00057711 CULVER CITY CA","Credit Card XXXX-XXXX-XXXX-8836",$8.55,,
"Restaurants",05/26/10,"CULVER CITY,CA","ROYAL T CAFE LLC CULVER CITY CA","Credit Card XXXX-XXXX-XXXX-8836",$5.94,,
"Restaurants",05/21/10,"LOS ANGELES,CA","CLUB 740 LOS ANGELES CA","Credit Card XXXX-XXXX-XXXX-8836",$12.00,,
"Restaurants",05/21/10,"CULVER CITY,CA","JUNNIES CAFE & LOUNGE CULVER CITY CA","Credit Card XXXX-XXXX-XXXX-8836",$4.55,,
"Restaurants",05/21/10,"CULVER CITY,CA","WENDY'S #9078      Q25 CULVER CITY CA","Credit Card XXXX-XXXX-XXXX-8836",$4.34,,
"Restaurants",05/20/10,"CULVER CITY,CA","BURGER KING # 5159 CULVER CITY CA","Credit Card XXXX-XXXX-XXXX-8836",$4.93,,
"Restaurants",05/19/10,"CULVER CITY,CA","LIBRA CULVER CITY CA","Credit Card XXXX-XXXX-XXXX-8836",$23.22,,
"Restaurants",05/18/10,"LOS ANGELES,CA","IN-N-OUT BURGER 000000055 LOS ANGELES CA","Credit Card XXXX-XXXX-XXXX-8836",$3.35,,
"Restaurants",05/18/10,"CULVER CITY,CA","JUNNIES CAFE & LOUNGE CULVER CITY CA","Credit Card XXXX-XXXX-XXXX-8836",$4.55,,
"Restaurants",05/05/10,"GARDENA,CA","BURGER KING #14100 GARDENA CA","Credit Card XXXX-XXXX-XXXX-8836",$3.94,,
"Restaurants",05/04/10,"CULVER CITY,CA","JUNNIES CAFE & LOUNGE CULVER CITY CA","Credit Card XXXX-XXXX-XXXX-8836",$4.05,,
"Restaurants",05/03/10,"LOS ANGELES,CA","MCDONALD'S M5760 LOS ANGELES CA","Credit Card XXXX-XXXX-XXXX-8836",$4.38,,
"Restaurants",04/22/10,"LOS ANGELES,CA","IN-N-OUT BURGER 000000055 LOS ANGELES CA","Credit Card XXXX-XXXX-XXXX-8836",$3.35,,
"Restaurants",04/19/10,"LOS ANGELES,CA","RALLY'S #4101 LOS ANGELES CA","Credit Card XXXX-XXXX-XXXX-8836",$3.29,,
"Restaurants",04/18/10,"800-0000000,CA","PLANET RAW 800-0000000 CA","Credit Card XXXX-XXXX-XXXX-8836",$22.50,,
"Restaurants",04/07/10,"CULVER CITY,CA","JUNNIES CAFE & LOUNGE CULVER CITY CA","Credit Card XXXX-XXXX-XXXX-8836",$4.55,,
"Restaurants",03/18/10,"CULVER CITY,CA","JUNNIES CAFE & LOUNGE CULVER CITY CA","Credit Card XXXX-XXXX-XXXX-8836",$9.05,,
"Retail / Department Stores",11/27/10,"212-3794000,NY","CALLCENTRIC INC 212-3794000 NY","BUSINESS CARD XXXX-XXXX-XXXX-5310",$10.45,,
"Retail / Department Stores",11/22/10,"AMZN.COM/BILL,WA","Amazon.com AMZN.COM/BILL WA","BUSINESS CARD XXXX-XXXX-XXXX-5310",$274.53,,
"Retail / Department Stores",11/20/10,"AMZN.COM/BILL,WA","Amazon.com AMZN.COM/BILL WA","BUSINESS CARD XXXX-XXXX-XXXX-5310",$99.99,,
"Retail / Department Stores",11/09/10,"866-712-7753,CA","APL*ITUNES 866-712-7753 CA","BUSINESSLINE? XXXX-XXXX-XXXX-7063",$0.99,,
"Retail / Department Stores",11/04/10,"GOOGLE.COM/CH,CA","GOOGLE *Gizmo5 google.com/ch CA","BUSINESSLINE? XXXX-XXXX-XXXX-7063",$20.00,,
"Retail / Department Stores",10/27/10,"CLARKSVILLE,TN","Best Buy      00006635 CLARKSVILLE TN","BUSINESS CARD XXXX-XXXX-XXXX-5310",$21.89,,
"Retail / Department Stores",10/23/10,"LOS ANGELES,CA","PEARL ART & CRAFT #802 LOS ANGELES CA","BUSINESS CARD XXXX-XXXX-XXXX-5310",$28.04,,
"Retail / Department Stores",10/19/10,"212-3794000,NY","CALLCENTRIC INC 212-3794000 NY","BUSINESS CARD XXXX-XXXX-XXXX-5310",$50.00,,
"Retail / Department Stores",10/16/10,"800-446-8848,CA","INTUIT *TURBOTAX 800-446-8848 CA","BUSINESS CARD XXXX-XXXX-XXXX-5310",$89.90,,
"Retail / Department Stores",10/05/10,"GOOGLE.COM/CH,CA","GOOGLE *GODADDY GOOGLE.COM/CH CA","BUSINESSLINE? XXXX-XXXX-XXXX-7063",$10.00,,
"Retail / Department Stores",09/30/10,"AMZN.COM/BILL,WA","Amazon.com AMZN.COM/BILL WA","Credit Card XXXX-XXXX-XXXX-8836",$5.99,,
"Retail / Department Stores",09/29/10,"AMZN.COM/BILL,WA","Amazon.com AMZN.COM/BILL WA","Credit Card XXXX-XXXX-XXXX-8836",$9.02,,
"Retail / Department Stores",09/29/10,"ROSEMEAD,CA","TARGET        00014118 ROSEMEAD CA","Credit Card XXXX-XXXX-XXXX-8836",$664.56,,
"Retail / Department Stores",09/14/10,"866-712-7753,CA","APL*ITUNES 866-712-7753 CA","BUSINESSLINE? XXXX-XXXX-XXXX-7063",$1.99,,
"Retail / Department Stores",08/31/10,"AMZN.COM/BILL,WA","AMAZON MKTPLACE PMTS AMZN.COM/BILL WA","Credit Card XXXX-XXXX-XXXX-8836",$3.54,,
"Retail / Department Stores",08/28/10,"866-712-7753,CA","APL*ITUNES 866-712-7753 CA","BUSINESSLINE? XXXX-XXXX-XXXX-7063",$3.99,,
"Retail / Department Stores",08/26/10," ","CHECK CRD PURCHASE 08/24 APPLE STORE  #R051      SANTA MONICA  CA 425907XXXXXX4792 238040000462803                               ?MCC=5732 90","Check Card/ATM Card XXXX-XXXX-XXXX-4792",$63.66,,
"Retail / Department Stores",08/20/10,"SANTA MONICA,CA","APPLE STORE  #R051 SANTA MONICA CA","BUSINESSLINE? XXXX-XXXX-XXXX-7063",$555.65,,
"Retail / Department Stores",08/06/10,"BANGALORE,II","DELL INDIA PVT LTD BANGALORE II","Credit Card XXXX-XXXX-XXXX-8836","$2,127.34",,
"Retail / Department Stores",06/27/10,"212-3794000,NY","CALLCENTRIC INC 212-3794000 NY","Credit Card XXXX-XXXX-XXXX-8836",$10.45,,
"Retail / Department Stores",06/25/10,"INTERNET,GB","NOKIA INTERNET GB","Credit Card XXXX-XXXX-XXXX-8836",$9.99,,
"Retail / Department Stores",06/13/10,"CULVER CITY,CA","BEST BUY MHT  00001792 CULVER CITY CA","Credit Card XXXX-XXXX-XXXX-8836",$162.41,,
"Retail / Department Stores",06/07/10,"800-843-2665,NJ","BARNES&NOBLE*COM 800-843-2665 NJ","Credit Card XXXX-XXXX-XXXX-8836",$9.99,,
"Retail / Department Stores",05/17/10,"CULVER CITY,CA","BEST BUY MHT  00001792 CULVER CITY CA","Credit Card XXXX-XXXX-XXXX-8836",$348.21,,
"Retail / Department Stores",05/04/10," ","CHECK CRD PURCHASE 05/03 YOGAGLO                 310-491-0699  CA 491987XXXXXX6900 124040011539815                               ?MCC=5399                     121042882DA01","Check Card/ATM Card XXXX-XXXX-XXXX-6900",$18.00,,
"Retail / Department Stores",05/04/10,"google.com/ch,CA","GOOGLE *Gizmo5 google.com/ch CA","Credit Card XXXX-XXXX-XXXX-8836",$20.00,,
"Retail / Department Stores",04/23/10,"800-390-1119,CA","WWW.NEWEGG.COM 800-390-1119 CA","Credit Card XXXX-XXXX-XXXX-8836",$19.77,,
"Retail / Department Stores",04/05/10," ","CHECK CRD PURCHASE 04/03 YOGAGLO                 310-491-0699  CA 491987XXXXXX6900 094040015853500                               ?MCC=5399                     121042882DA01","Check Card/ATM Card XXXX-XXXX-XXXX-6900",$18.00,,
"Retail / Department Stores",03/17/10,"3103703365,CA","SQLFUSION 3103703365 CA","Credit Card XXXX-XXXX-XXXX-8836",$24.00,,
"Retail / Department Stores",03/12/10,"google.com/ch,CA","GOOGLE *Services google.com/ch CA","Credit Card XXXX-XXXX-XXXX-8836",$100.00,,
"Retail / Department Stores",03/09/10,"3103703365,CA","SQLFUSION 3103703365 CA","Credit Card XXXX-XXXX-XXXX-8836",$24.00,,
"Retail / Department Stores",02/05/10,"CULVER CITY,CA","BEST BUY MHT  00001792 CULVER CITY CA","Credit Card XXXX-XXXX-XXXX-8836",-$71.31,,
"Retail / Department Stores",02/04/10,"CULVER CITY,CA","BEST BUY MHT  00001792 CULVER CITY CA","Credit Card XXXX-XXXX-XXXX-8836",$142.65,,
"Retail / Department Stores",02/02/10,"3103703365,CA","SQLFUSION 3103703365 CA","Credit Card XXXX-XXXX-XXXX-8836",$24.00,,
"Utilities / Telecom",12/26/10,"212-379-4000,NY","CALLCENTRIC INC 212-379-4000 NY","BUSINESS CARD XXXX-XXXX-XXXX-5310",$10.45,,
"Utilities / Telecom",12/10/10,"Encino","Bus: Telephone-NET2EZ","SQLFusion LLC checking XXXXXX6152",$750.00,,
"Utilities / Telecom",12/03/10," ","RECUR DEBIT CRD PMT12/02 CLEAR                   888-253-2794  WA 425907XXXXXX4792 337040002591145                               ?MCC=4816 01","Check Card/ATM Card XXXX-XXXX-XXXX-4792",$37.38,,
"Utilities / Telecom",12/02/10,"08004515817,CA","COLOFT 08004515817 CA","BUSINESSLINE? XXXX-XXXX-XXXX-7063",$115.00,,
"Utilities / Telecom",11/27/10,"LOS ANGELES","Bus: Telephone-AT&T","SQLFusion LLC checking XXXXXX6152",$229.95,,
"Utilities / Telecom",11/27/10,"Encino","Bus: Telephone-NET2EZ","SQLFusion LLC checking XXXXXX6152",$750.00,,
"Utilities / Telecom",11/27/10,"LOS ANGELES","Bus: Telephone-T-MOBILE","SQLFusion LLC checking XXXXXX6152",$121.28,,
"Utilities / Telecom",11/10/10,"Encino","Bus: Telephone-NET2EZ","SQLFusion LLC checking XXXXXX6152",$750.00,,
"Utilities / Telecom",11/02/10,"08004515817,CA","COLOFT 08004515817 CA","BUSINESSLINE? XXXX-XXXX-XXXX-7063",$25.00,,
"Utilities / Telecom",11/02/10," ","RECUR DEBIT CRD PMT11/01 CLEAR                   888-253-2794  WA 425907XXXXXX4792 306040001881694                               ?MCC=4816 01","Check Card/ATM Card XXXX-XXXX-XXXX-4792",$37.38,,
"Utilities / Telecom",10/31/10,"212-379-4000,NY","CALLCENTRIC INC 212-379-4000 NY","BUSINESS CARD XXXX-XXXX-XXXX-5310",$10.45,,
"Utilities / Telecom",10/13/10,"877-731-4442,NY","REGISTER.COM*115A782EJ 877-731-4442 NY","BUSINESSLINE? XXXX-XXXX-XXXX-7063",$72.00,,
"Utilities / Telecom",10/11/10,"08004515817,CA","COLOFT 08004515817 CA","BUSINESSLINE? XXXX-XXXX-XXXX-7063",$25.00,,
"Utilities / Telecom",10/02/10,"LOS ANGELES","Bus: Telephone-AT&T","SQLFusion LLC checking XXXXXX6152",$114.07,,
"Utilities / Telecom",10/02/10,"Encino","Bus: Telephone-NET2EZ","SQLFusion LLC checking XXXXXX6152",$750.00,,
"Utilities / Telecom",10/02/10,"LOS ANGELES","Bus: Telephone-T-MOBILE","SQLFusion LLC checking XXXXXX6152",$119.86,,
"Utilities / Telecom",09/28/10,"212-379-4043,NY","CALLCENTRIC 212-379-4043 NY","Credit Card XXXX-XXXX-XXXX-8836",$10.00,,
"Utilities / Telecom",09/27/10,"212-379-4000,NY","CALLCENTRIC INC 212-379-4000 NY","Credit Card XXXX-XXXX-XXXX-8836",$5.00,,
"Utilities / Telecom",09/26/10,"212-379-4000,NY","CALLCENTRIC INC 212-379-4000 NY","Credit Card XXXX-XXXX-XXXX-8836",$10.45,,
"Utilities / Telecom",09/25/10,"480-5058855,AZ","GODADDY.COM 480-5058855 AZ","Credit Card XXXX-XXXX-XXXX-8836",$49.99,,
"Utilities / Telecom",09/21/10,"212-379-4000,NY","CALLCENTRIC INC 212-379-4000 NY","Credit Card XXXX-XXXX-XXXX-8836",$50.00,,
"Utilities / Telecom",09/02/10,"800-451-5817,CA","COLOFT 800-451-5817 CA","Credit Card XXXX-XXXX-XXXX-8836",$25.00,,
"Utilities / Telecom",08/28/10,"LOS ANGELES","Bus: Telephone-AT&T","SQLFusion LLC checking XXXXXX6152",$170.32,,
"Utilities / Telecom",08/28/10,"LOS ANGELES","Bus: Telephone-T-MOBILE","SQLFusion LLC checking XXXXXX6152",$178.06,,
"Utilities / Telecom",08/26/10,"212-379-4000,NY","CALLCENTRIC INC 212-379-4000 NY","Credit Card XXXX-XXXX-XXXX-8836",$10.45,,
"Utilities / Telecom",07/27/10,"212-3794043,NY","CALLCENTRIC  INC 212-3794043 NY","Credit Card XXXX-XXXX-XXXX-8836",$10.45,,
"Utilities / Telecom",07/22/10,"LOS ANGELES","Bus: Telephone-AT&T","SQLFusion LLC checking XXXXXX6152",$24.06,,
"Utilities / Telecom",07/22/10,"Encino","Bus: Telephone-NET2EZ","SQLFusion LLC checking XXXXXX6152",$750.00,,
"Utilities / Telecom",07/22/10,"LOS ANGELES","Bus: Telephone-T-MOBILE","SQLFusion LLC checking XXXXXX6152",$89.03,,
"Utilities / Telecom",06/12/10,"LOS ANGELES","Bus: Telephone-AT&T","SQLFusion LLC checking XXXXXX6152",$344.35,,
"Utilities / Telecom",06/11/10,"Encino","Bus: Telephone-NET2EZ","SQLFusion LLC checking XXXXXX6152",$750.00,,
"Utilities / Telecom",06/11/10,"877-731-4442,NY","REGISTER.COM*1145CCDBJ 877-731-4442 NY","Credit Card XXXX-XXXX-XXXX-8836",$38.00,,
"Utilities / Telecom",06/02/10,"Encino","Bus: Telephone-NET2EZ","SQLFusion LLC checking XXXXXX6152",$750.00,,
"Utilities / Telecom",06/02/10,"LOS ANGELES","Bus: Telephone-T-MOBILE","SQLFusion LLC checking XXXXXX6152",$89.03,,
"Utilities / Telecom",05/29/10,"LOS ANGELES","Bus: Telephone-AT&T","SQLFusion LLC checking XXXXXX6152",$101.45,,
"Utilities / Telecom",05/27/10,"212-3794043,NY","CALLCENTRIC  INC 212-3794043 NY","Credit Card XXXX-XXXX-XXXX-8836",$10.45,,
"Utilities / Telecom",05/19/10,"212-379-4000,NY","CALLCENTRIC INC 212-379-4000 NY","Credit Card XXXX-XXXX-XXXX-8836",$50.00,,
"Utilities / Telecom",05/11/10,"Encino","Bus: Telephone-NET2EZ","SQLFusion LLC checking XXXXXX6152",$750.00,,
"Utilities / Telecom",05/03/10,"212-3794043,NY","CALLCENTRIC  INC 212-3794043 NY","Credit Card XXXX-XXXX-XXXX-8836",$50.00,,
"Utilities / Telecom",05/01/10,"LOS ANGELES","Bus: Telephone-AT&T","SQLFusion LLC checking XXXXXX6152",$115.40,,
"Utilities / Telecom",05/01/10,"LOS ANGELES","Bus: Telephone-T-MOBILE","SQLFusion LLC checking XXXXXX6152",$89.04,,
"Utilities / Telecom",04/27/10,"800-833-6687,WA","ADOBE SYSTEMS, INC. 800-833-6687 WA","Credit Card XXXX-XXXX-XXXX-8836",$599.00,,
"Utilities / Telecom",04/27/10,"212-379-4000,NY","CALLCENTRIC INC 212-379-4000 NY","Credit Card XXXX-XXXX-XXXX-8836",$10.45,,
"Utilities / Telecom",03/26/10,"212-379-4027,NY","CALLCENTRIC 212-379-4027 NY","Credit Card XXXX-XXXX-XXXX-8836",$10.45,,
"Utilities / Telecom",03/24/10,"212-3794043,NY","CALLCENTRIC  INC 212-3794043 NY","Credit Card XXXX-XXXX-XXXX-8836",$50.00,,
"Utilities / Telecom",03/23/10,"LOS ANGELES","Bus: Telephone-CINGULAR SQL","SQLFusion LLC checking XXXXXX6152",$142.43,,
"Utilities / Telecom",03/23/10,"Encino","Bus: Telephone-NET2EZ","SQLFusion LLC checking XXXXXX6152",$750.00,,
"Utilities / Telecom",03/23/10,"LOS ANGELES","Bus: Telephone-T-MOBILE","SQLFusion LLC checking XXXXXX6152",$214.75,,
"Utilities / Telecom",03/02/10,"Encino","Bus: Telephone-NET2EZ","SQLFusion LLC checking XXXXXX6152",$750.00,,
"Utilities / Telecom",02/26/10,"212-379-4027,NY","CALLCENTRIC 212-379-4027 NY","Credit Card XXXX-XXXX-XXXX-8836",$10.45,,
"Utilities / Telecom",02/10/10,"LOS ANGELES","Bus: Telephone-CINGULAR SQL","SQLFusion LLC checking XXXXXX6152",$216.55,,
"Utilities / Telecom",02/09/10,"800-937-8997,WA","T-MOBILE.COM*PAYMENT 800-937-8997 WA","Credit Card XXXX-XXXX-XXXX-8836",$230.33,,
"Utilities / Telecom",01/27/10,"Encino","Bus: Telephone-NET2EZ","SQLFusion LLC checking XXXXXX6152",$750.00,,
"Utilities / Telecom",01/27/10,"212-379-4027,NY","CALLCENTRIC 212-379-4027 NY","Credit Card XXXX-XXXX-XXXX-8836",$10.45,,
"Utilities / Telecom",01/27/10,"212-379-4027,NY","CALLCENTRIC 212-379-4027 NY","Credit Card XXXX-XXXX-XXXX-8836",$50.00,,
"Utilities / Telecom",01/25/10,"800-331-0500,GA","ATTM*829440111NBI 800-331-0500 GA","Credit Card XXXX-XXXX-XXXX-8836",$203.95,,
,,,,,"$198,546.43",7935,
,,,,,272437,252070.94,12431.06
,,,,,"$73,890.57",,
